{
  "date": "2021-03-24T03:00:58.832Z",
  "title": "10 Fatores que influenciam na queda capilar\t",
  "thumbnail": "https://res.cloudinary.com/maceladourada/image/upload/v1617974611/queda_capilar_de6laj.png",
  "description": "A queda de cabelo é um processo natural do organismo. O fio passa por estágios que vão desde o crescimento, estabilização...",
  "body": "![](https://res.cloudinary.com/maceladourada/image/upload/v1617974611/queda_capilar_de6laj.png)\n\nA queda de cabelo é um processo natural do organismo. O fio passa por estágios que vão desde o crescimento, estabilização e queda natural. Assim, o primeiro ciclo dura em média de três a seis anos, o segundo dois anos e o último, três meses.\n\nNo entanto, o passar do tempo e a genética podem ser responsáveis por um cabelo mais ralo. Além disso, também existem a queda capilar sem causa específica, como o eflúvio telogênico ou telógeno. O cabelo também pode cair devido à doenças endócrinas ou metabólicas, como as disfunções de tireoide.\n\nPortanto, é importante ficar atento à queda excessiva dos fios e buscar ajuda médica para verificar as causas. Dessa maneira, mais eficazes podem ser as soluções para frear a alopecia.\n\n**1. Estresse**\nO estresse físico ou emocional afeta a saúde como um todo e pode provocar a perda de cabelo. Isso ocorre pois o cérebro libera substâncias que aceleram a queda capilar quando precisa passar por longos períodos em estado de alerta.\n\nSe não for tratado a tempo, o problema pode evoluir para uma alopecia areata. Nesse caso, um processo inflamatório na área da raiz dos fios provoca a queda concentrada em regiões circulares do couro cabeludo.\n\n**2. Genética**\nO principal vilão da queda capilar é a genética, e os homens são os mais afetados nesse caso. O problema aqui se chama calvície e ocorre quando os folículos pilosos são estimulados por hormônios masculinos.\n\nO resultado é a diminuição do ciclo de crescimento dos fios até que ocorra a interrupção total. Na maioria dos casos, a queda de cabelo é concentrada na parte superior do couro cabeludo, enquanto as laterais não sofrem alterações.\n\n**3. Químicas**\nAlgumas coisas que são encaradas como cuidados com os cabelos, na verdade, podem danificar os fios e, em excesso, provocar a queda.\n\nÉ o caso de produtos químicos, seja para tingir, descolorir ou alisar. Para fugir dessa armadilha, descubra a beleza dos fios naturais cuidando da saúde capilar.\n\n**4. Pós-parto**\nDurante a gravidez, há uma alteração nos hormônios, o que causa uma diminuição na queda capilar. Depois que o bebê nasce, três meses após o parto, os hormônios voltam a se regular e todo aquele cabelo que não tinha caído, enfim, cai.\n\n**5. Vitaminas**\nA falta ou o excesso de vitaminas e nutrientes também afetam o couro cabeludo. Os principais casos são deficiência de ferro, excesso de vitamina A e falta de proteína.\n\nA vantagem nesses casos é que o tratamento é simples. Basta equilibrar a alimentação e os resultados serão percebidos em poucas semanas.\n\n**6. Hormônios**\nOs hormônios masculinos são os protagonistas na queda capilar genética. Por outro lado, os hormônios femininos podem ser responsáveis pela queda de cabelo em diversas ocasiões ao longo da vida das mulheres.\n\nQualquer situação com grande mudança hormonal pode ser um fator desencadeante para a queda de cabelo, como gravidez, mudança ou suspensão de pílula anticoncepcional e menopausa.\n\n**7. Medicamentos**\nCertos medicamentos podem fragilizar os fios, causando um aumento na queda do cabelo. Entre eles, os antidepressivos, anti-hipertensivos, antibióticos e anabolizantes. Por isso, é preciso estar atento às reações adversas que alguns remédios causam. Assim como, consultar um profissional da saúde especializado que possa ajudar com essa condição.\n\n**8. Oleosidade**\nA proliferação de fungos pode ter causa na oleosidade excessiva dos fios. Isso causa a queda capilar, coceira e descamação do couro cabeludo. Para solucionar esse problema, o intervalo entre os banhos pode ser reduzidos. Entretanto, na hora do banho, evitar a água quente, friccionar duramente o couro e somente usar shampoos indicados pelo médico.\n\n**9. Metabolismo**\nUm metabolismo lento demais pode dificultar o trabalho dos vasos sanguíneos que irrigam o couro cabeludo. Assim, os fios não recebem a nutrição adequada e começam a cair. Portanto, diabetes, obesidade e hipertensão podem agravar esse quadro.\n\nHá vários medicamentos no mercado que auxiliam no tratamento da queda capilar. Os produtos que contém Keranat são o segredo para a beleza dos fios, pois ajudam a recuperar a saúde dos cabelos, reduzindo a queda, aumentando o brilho e o volume dos cabelos.\n\n**10. Hábitos de vida**\nA alimentação tem um papel fundamental no fortalecimento dos fios. É por meio da ingestão alimentar que o corpo obtém as vitaminas, nutrientes e minerais necessários para o crescimento saudável do cabelo. Por isso, é importante manter uma alimentação equilibrada e balanceada. Além disso, evitar hábitos nocivos como o fumo, que contém substâncias tóxicas e prejudiciais para toda a saúde, interferindo inclusive na vitalidade capilar.\n\nNo entanto, é imprescindível a consulta com um médico especialista. O profissional mais indicado é o dermatologista, o qual também pode ter uma especialização em queda capilar. Na consulta, o médico irá avaliar os fatores causadores do problema.\n\nPara isso, poderá questionar qual a frequência da queda de cabelo, se existe uma área específica da queda, quais são seus hábitos, que tipo de produtos utiliza e se existem outros sintomas. Sobretudo, o tratamento indicado pelo profissional dependerá da avaliação médica que determinará quais são as causas da queda capilar.\n\nGostou do post? Entre em contato pelo [WhatsApp](https://linklist.bio/mcdlojas) para tirar dúvidas e nos enviar sugestões.\n\n[Clique aqui para acessar nossa Loja Virtual](https://maceladourada.com.br/)\n\n[](https://maceladourada.com.br/)Fonte:\niberoquimica.com.br/",
  "sections": [
    {
      "type": "page-title",
      "title": "10 Fatores que influenciam na queda capilar",
      "description": "A queda de cabelo é um processo natural do organismo. O fio passa por estágios que vão desde o crescimento, estabilização e queda natural."
    },
    {
      "type": "blog-post",
      "enabled": true
    }
  ]
}
