{
  "date": "2021-03-24T04:13:01.989Z",
  "title": "4 Nutrientes Essenciais para o Fortalecimento das Unhas",
  "thumbnail": "https://res.cloudinary.com/maceladourada/image/upload/v1617974588/fortalecimento-das-unhas_dzitf6.png",
  "description": "Unhas fracas e quebradiças podem significar falta de nutrientes que são necessários para mantê-las fortes e saudáveis...",
  "body": "![](https://res.cloudinary.com/maceladourada/image/upload/v1617974588/fortalecimento-das-unhas_dzitf6.png)\n\nUnhas fracas e quebradiças podem significar falta de nutrientes que são necessários para mantê-las fortes e saudáveis.\n\nEsse problema pode ser resolvido através da suplementação que seu organismo precisa. Esses suplementos possuem ação antioxidante, suprindo a demanda nutricional e tratando os danos.\n\nAlgumas vitaminas e minerais são essenciais para manter unhas bonitas e saudáveis. Vitaminas como zinco, ferro, biotina e complexo B são determinantes para o fortalecimento das suas unhas.\n\nUma má alimentação e a escassez dos nutrientes citados resultam em unhas que se tornam fracas, quebram com maior facilidade e frequência, descamam, apresentam manchas e se tornam irregulares.\n\n**Veja 4 nutrientes essenciais para o fortalecimento das unhas:**\n\n**1. [Silício e Colágeno](https://maceladourada.com.br/colagenos)**\n\nO Silício tem relação direta com a produção de Colágeno tipo 1, proteína importantíssima para saúde de unhas e cabelos.\n\nA suplementação de precursores de colágeno auxilia no fortalecimento e no crescimento das unha, o silício tem ação na produção de colágeno.\n\nEsses dois nutrientes irão estimular o crescimento e prevenir os danos causados pelo enfraquecimento e envelhecimento. O silício se liga à queratina, conferindo dureza e estabilidade.\n\n**2. [Zinco](https://maceladourada.com.br/search?q=zinco&x=0&y=0)**\n\nO zinco é um mineral necessário em nosso organismo, pois intervém em várias reações químicas do organismo, mantendo pele, cabelo e unhas saudáveis.\n\nEsse mineral é necessário para a cicatrização e produção de colágeno, proteína cuja deficiência pode causar manchas brancas nas unhas e envelhecimento precoce.\n\n**3. [Vitamina D](https://maceladourada.com.br/search?q=vitamina+d&x=0&y=0)**\n\nA vitamina D é responsável por estimular o sangue e absorver o cálcio do intestino.\n\nSe houver deficiência da vitamina D, o organismo busca em outros tecidos, como unhas e ossos. Logo se você carece do nutriente, suas unhas ficam quebradiças.\n\n**4. [Biotina](https://maceladourada.com.br/search?q=biotina&x=0&y=0)**\n\nOs suplementos que possuem Vitamina B7 (a Biotina) promovem o crescimento das unhas. Essa vitamina está diretamente relacionada à produção de queratina (nutriente que ajuda a fortalecer as unhas).\n\nEssas substâncias auxiliam no metabolismo, ajudando seu organismo a absorver nutrientes, melhorando a saúde das unhas, cabelos e pele.\n\nA deficiência de biotina é um dos fatores associados à Síndrome de Unhas Frágeis e seu consumo, em alguns casos, pode ser a solução para o problema. A biotina aumenta a resistência da unha produzindo um espessamento dela, de maneira que as unhas ficam mais firmes.\n\n**Onde Encontrar**\n\nOs suplementos que auxiliam no fortalecimento de unhas, bem como esmaltes que as deixam mais fortes, você encontra na [Macela Dourada.](https://maceladourada.com.br/)\n\n[Clique aqui e adquira!](https://maceladourada.com.br/cuidados-com-as-unhas)\n\n[](https://maceladourada.com.br/cuidados-com-as-unhas)Fonte:\n\nbelezaesaude.com\n\ncuidadospelavida.com.br",
  "sections": [
    {
      "type": "page-title",
      "title": "4 Nutrientes Essenciais para o Fortalecimento das Unhas",
      "description": "Unhas fracas e quebradiças podem significar falta de nutrientes que são necessários para mantê-las fortes e saudáveis."
    },
    {
      "type": "blog-post",
      "enabled": true
    }
  ]
}
