{
  "date": "2021-03-23T17:45:36.805Z",
  "title": "6 fatores que afetam sua imunidade",
  "thumbnail": "https://res.cloudinary.com/maceladourada/image/upload/v1617974592/imunidade-1-_bhejhw.png",
  "description": "Estamos em constante contato com micro-organismos que podem transmitir doenças, no entanto, é o sistema imunológico que determina a...",
  "body": "![](https://res.cloudinary.com/maceladourada/image/upload/v1617974592/imunidade-1-_bhejhw.png)\n\nEstamos em constante contato com micro-organismos que podem transmitir doenças, no entanto, é o sistema imunológico que determina a nossa vulnerabilidade.\n\nA baixa imunidade faz com que o corpo fique fragilizado, desprotegido em relação a doenças e infecções.\n\nA sociedade moderna e estilos de vida que impõem uma correria diária nos deixam cada vez mais expostos a esses fatores que prejudicam nosso sistema imunológico.\n\n**Veja 6 fatores que afetam sua imunidade**\n\n**1 - Distúrbios do sono**\n\nA privação do sono diminui a quantidade e a função das células responsáveis pela imunidade, consequentemente a chance de contrair doenças infecciosas aumenta e as doenças crônicas podem aparecer com mais facilidade.\n\n**2 - Má alimentação** \n\nA carência de nutrientes afeta o funcionamento das células. Dietas com alto teor de gordura saturada, sal e açúcar e pobres de cálcio, zinco e vitaminas prejudicam o sistema imunológico.\n\nOs nutrientes necessários para efetivação da resposta imune no organismo, e só são obtidos por meio de uma dieta balanceada à base de frutas, legumes, verduras e fibras, além das proteínas.\n\n**3 - Estresse prolongado**\n\n[](https://maceladourada.com.br/8-passos-para-combater-o-estresse-e-melhorar-seu-estilo-de-vida)Quando a situação de [estresse](https://maceladourada.com.br/8-passos-para-combater-o-estresse-e-melhorar-seu-estilo-de-vida) não é passageira ou ocorre com frequência, o equilíbrio do corpo é prejudicado com a ação dos hormônios do [estresse](https://maceladourada.com.br/8-passos-para-combater-o-estresse-e-melhorar-seu-estilo-de-vida).\n\nComo resultado, os órgãos passam a agir de forma errada diminuindo a imunidade ou piorando as condições de saúde.,\n\n[Veja como combater o estresse e melhorar seu estilo de vida!](https://maceladourada.com.br/8-passos-para-combater-o-estresse-e-melhorar-seu-estilo-de-vida)\n\n[](https://maceladourada.com.br/8-passos-para-combater-o-estresse-e-melhorar-seu-estilo-de-vida)**4 - Excesso de exercício físico**\n\nA prática de exercício físico é benéfica e indicada! No entanto, exercícios intensos e de longa duração também liberam hormônio do [estresse](https://maceladourada.com.br/8-passos-para-combater-o-estresse-e-melhorar-seu-estilo-de-vida) - cortisol e adrenalina - que lesionam as células do sistema imune.\n\nSomente um especialista, como educadores físicos, pode avaliar se a intensidade e quantidade de exercício estão adequadas, qualquer dúvida fale com um profissional.\n\n**5 - Medicamentos** \n\nCorticoides e imunossupressores são mais conhecidos por enfraquecer a imunidade justamente porque a função desses medicamentos é inibir os mecanismos de defesa do corpo, causando o alívio dos sintomas de alergias e doenças inflamatórias, entre outras.\n\nA consequência, no entanto, é a queda da imunidade de maneira geral, deixando o corpo mais suscetível a infecções oportunistas.\n\n**6 - TPM** \n\nEm algumas mulheres, as variações hormonais características dos ciclos menstruais e da TPM podem afetar a função de diversas células do organismo, incluindo as do sistema imunológico.\n\nIsso ocorre devido aos altos níveis de progesterona, característicos dessa fase, que possuem um efeito imunossupressor que inibe o sistema imune feminino.\n\n**Como aumentar a imunidade**\n\nÉ possível fortalecer o organismo com o [Imuno TF](https://maceladourada.com.br/imuno-tf-50-mg-30-capsulas), um produto natural que fortalece o sistema imunológico e tem capacidade de reduzir a resposta imunológica para até 24 horas.\n\n**Imuno TF** é um produto desenvolvido através de um processo tecnológico, composto por fatores de transferência isolados, com a capacidade de ativar os mecanismos de defesa do organismo a combater adequadamente diversas formas de agentes invasores.\n\n**Imuno TF** entrega ao nosso corpo células de memória prontas para reconhecer e eliminar diferentes espécies de patógenos.\n\n**Motivos para incluir [Imuno TF](https://maceladourada.com.br/imuno-tf-50-mg-30-capsulas) na sua rotina:**\n\n* Fortalecimento do sistema imunológico;\n* Prevenção de doenças oportunistas, especialmente em indivíduos imunodeprimidos;\n* Coadjuvante no tratamento de doenças crônicas e/ou autoimunes;\n* Reforço imunológico em crianças;\n* Combate infecções de repetição;\n* Combate a infecções virais, bacterianas e fúngicas;\n* Fortalecimento imunológico de pacientes em tratamento de câncer.\n\nQuer saber mais sobre as vantagens e os mecanismos de ação do Imuno TF® Acesse\n*Consulte seu médico, nutricionista ou nossas farmacêuticas para mais informações.\n\n**Onde encontrar Imuno TF ?**\n\nO [Imuno TF](https://maceladourada.com.br/imuno-tf-50-mg-30-capsulas) você encontra na [Macela Dourada](https://maceladourada.com.br/), [clique aqui  para adquirir](https://maceladourada.com.br/imuno-tf-50-mg-30-capsulas)!\n\nFonte:  g1.globo.com",
  "sections": [
    {
      "type": "page-title",
      "title": "6 fatores que afetam sua imunidade",
      "description": "Estamos em constante contato com micro-organismos que podem transmitir doenças, no entanto, é o sistema imunológico que determina a nossa vulnerabilidade."
    },
    {
      "type": "blog-post",
      "enabled": true
    }
  ]
}
