{
  "date": "2021-03-24T04:01:24.219Z",
  "title": "6 maneiras simples para aumentar sua imunidade no Inverno",
  "thumbnail": "https://res.cloudinary.com/maceladourada/image/upload/v1617974563/6-maneiras-para-aumentar-sua-imunidade-no-inverno_avubj7.png",
  "description": "Inverno, por ser a estação mais fria do ano, é praticamente inevitável você apresentar gripes e resfriados. Porém...",
  "body": "![](https://res.cloudinary.com/maceladourada/image/upload/v1617974563/6-maneiras-para-aumentar-sua-imunidade-no-inverno_avubj7.png)\n\nInverno, por ser a estação mais fria do ano, é praticamente inevitável você apresentar gripes e resfriados. Porém, com as estratégias de bem-estar adequadas, podemos reduzir essa probabilidade de forma significativa.\n\nSeparamos para você, logo abaixo, 6 maneiras simples para aumentar sua [imunidade](https://maceladourada.com.br/imunidade) durante o inverno.\n\n**Vamos ver?**\n\n**1. Mantenha sua caderneta de vacinação em dia**\nMesmo que você melhore sua [imunidade](https://maceladourada.com.br/imunidade) com todos os itens da lista, ainda é sua aposta mais segura tomar a vacina contra a gripe e manter sua caderneta de vacinação em dia.\n\nProcure um posto de saúde mais próximo para atualizar seu cartão de vacina. Segundo o Ministério da Saúde, a partir dos 20 anos você precisa se vacinar ao menos contra sarampo, caxumba, rubéola, hepatite B, febre amarela, difteria e tétano.\n\n**2. Aumente sua rotina de autocuidado**\nDurante a época do ano em que nosso organismo está mais suscetível a doenças, é crucial priorizar sua rotina de bem-estar, para garantir que suas defesas naturais estejam funcionando bem.\n\nBusque de maneira consistente praticar atividades físicas, alimentação saudável e outras atividades de autocuidado. Nosso corpo funciona bem com hábitos e ter o controle do que você faz diariamente te ajuda a ter uma vida mais saudável.\n\n**3. Priorize seu sono**\nÉ sempre importante ressaltar o quão crucial é uma boa noite de sono para um [sistema imunológico](https://maceladourada.com.br/imunidade) eficiente.\n\nQuando dormimos, nossos corpos passam por uma grande “restauração”. Além disso, quem dorme melhor, se alimenta melhor, então durma o suficiente e pratique uma boa higiene do sono. evitando dispositivos eletrônicos por pelo menos uma hora antes de deitar.\n\nSe for adepto, você também pode utilizar [óleos essenciai](https://maceladourada.com.br/aromaterapia)s que ajudam a acalmar e melhorar a qualidade do sono.\n\n**4. Pratique exercícios regularmente**\nComo já conversamos anteriormente, a consistência é fundamental, e isso inclui praticar exercício físico regularmente.\n\nEstudos apontam que a manutenção e exercícios físicos pode reduzir de uma forma significante suas chances de ficar doente.\n\nPratique exercícios com moderação, sem exageros, pois aumentar a intensidade das atividades quando você está exposto a germes pode diminuir suas defesas.\n\n**5. Escolha Alimentos que melhoram seu [sistema imunológico](https://maceladourada.com.br/imunidade)**\nA alimentação saudável e dieta equilibrada são importantes para o bom funcionamento do sistema imune, já que favorecem a produção das células de defesa do organismo de forma mais eficiente.\n\nIngerir alimentos orgânicos, saudáveis e nutritivos é essencial nas épocas em que estamos mais vulneráveis a doenças. Tenha o hábito de consumir frutas, verduras e legumes.\n\n**Lembre-se: Desembalar menos e Descascar mais!**\n\n**6. [ImunoTF ](https://maceladourada.com.br/imuno-tf-50-mg-30-capsulas)- Fortalecimento do Sistema Imunológico**\nUm grande aliado que te ajudará e fortalecer seu organismo em épocas mais frias é o Imuno TF. Ele é indicado para fortalecimento do sistema imunológico, prevenção de doenças e infecções de repetição e coadjuvante no tratamento de doenças autoimunes.\n\n**Benefícios:**\n\n* Estimula o sistema imunológico;\n* Acelera a resposta imunológica de 14 dias para até 24 horas;\n* Restaura as barreiras do organismo;\n* Estimula a comunicação celular;\n* Promove a maturação celular.\n\nModo de usar: Para prevenção e dose de manutenção: 1 cápsula ao dia.\nNa fase aguda da doença, 2 cápsulas ao dia.\n\n**Onde Encontrar**\nVocê encontra o [ImunoTF](https://maceladourada.com.br/imuno-tf-50-mg-30-capsulas) em nossa loja virtual! [Clique aqui  e adquira agora mesmo!](https://maceladourada.com.br/imuno-tf-50-mg-30-capsulas)\n\nFonte: thethirty.whowhatwear.com, infinitypharma.com.br\n\n1. COELHO, Christianne de Faria; BURINI, Roberto Carlos. Atividade física para prevenção e tratamento das doenças crônicas não transmissíveis e da incapacidade funcional. Rev. Nutr., Campinas, 22(6):937-946, nov./dez., 2009",
  "sections": [
    {
      "type": "page-title",
      "title": "6 maneiras simples para aumentar sua imunidade no Inverno",
      "description": "Inverno, por ser a estação mais fria do ano, é praticamente inevitável você apresentar gripes e resfriados. Porém, com as estratégias de bem-estar adequadas, podemos reduzir essa probabilidade de forma significativa."
    },
    {
      "type": "blog-post",
      "enabled": true
    }
  ]
}
