{
  "date": "2021-04-14T19:46:16.298Z",
  "title": "7 dicas para comer chocolate sem estragar a dieta",
  "thumbnail": "https://res.cloudinary.com/maceladourada/image/upload/v1618428841/7_dicas_para_comer_chocolate_sem_estragar_a_dieta-_ewjzae.png",
  "description": "O chocolate é considerado um dos doces mais querido pelas pessoas. Em tempos de festa ou datas comemorativas fica...",
  "body": "\n\n![](https://res.cloudinary.com/maceladourada/image/upload/v1618428841/7_dicas_para_comer_chocolate_sem_estragar_a_dieta-_ewjzae.png)\n\nO chocolate é considerado um dos doces mais querido pelas pessoas. Em tempos de festa ou datas comemorativas fica impossível resistir a um mundo de sabores disponíveis.\n\nMas só de pensar no assunto já começamos a calcular os prejuízos para a dieta, pois só de imaginar o botão da calça apertando já deixa muita gente preocupada..\n\nE não é pra menos, pois o consumo exagerado de açúcares e carboidratos estão ligados diretamente ao aumento de gordura na região abdominal.\n\nA boa notícia é que o chocolate nem sempre é um vilão! E o segredo para aproveitar as festas sem passar vontade de chocolate e estragar a dieta é manter o equilíbrio, fazendo escolhas inteligentes.\n\n**Veja 7 dicas para comer chocolate sem estragar a dieta:**\n\n**1. Invista no chocolate certo**\nAo escolher qual chocolate comer, dê prioridade aqueles com o teor de cacau acima de 50%, eles são considerados como as versões mais saudáveis.\n\n**2. Coma o chocolate na sobremesa**\nSaborear o chocolate como sobremesa evita que o consumo seja exacerbado, assim a saciedade será alcançada com porções menores.\n\nApostar no consumo de vegetais na hora das refeições também é ótima ideia, considerando que os vegetais são ricos em fibras e nutrientes que além de diminuir a absorção de gordura no organismo, reduz a fome.\n\n**3. Atenção às versões diet**\nPara não trazer grandes prejuízos à dieta, algumas pessoas terminam dando preferência ao chocolate diet. Mas é necessário ter atenção, pois alguns desses produtos são direcionados a pessoas com restrição no consumo de açúcar.\n\nVale ressaltar que para a perda de peso, esse tipo de alimento não é vantajoso, já que o açúcar é substituído por gordura, e isso eleva o valor calórico.\n\n**4. Fique de olho nas porções**\nÉ preciso ter inteligência na hora da escolha do chocolate para não boicotar sua dieta. Por exemplo, um ovo de chocolate grande pode passar de mil calorias, enquanto os pequenos contam com cerca de 70 calorias.\n\nNa hora da compra é importante levar em consideração que os benefícios do chocolate e a sensação de bem-estar também podem ser desfrutados com quantias menores do doce.\n\n**5. Capriche na qualidade das refeições**\nDois erros que podemos cometer é fazer compensações alimentares e pular refeições.\n\nPrecisamos ter cuidado quanto a isso, pois longos períodos em jejum feitos aleatoriamente sem uma programação, podem desregular o funcionamento do metabolismo e aumentar as chances de compulsão alimentar.\n\nPor isso, o correto é manter todas as refeições do dia, valorizando sempre a qualidade nutricional dos alimentos.\n\n**6. Não sabote o seu treino**\nPode ser difícil manter a rotina de treinos em tempo de festas. Porém, é importante separar uma hora do dia para se exercitar, pois isso evita que as calorias a mais se transformem em gordurinhas.\n\nMesmo que seja impossível fazer a rotina habitual de treinos, uma atividade física mínima já faz muita diferença. O que não pode é comer exageradamente e não queimar as calorias.\n\n**7. Priorize seu sono**\nÉ fato que uma única noite mal dormida já é capaz de desregular todo o metabolismo, afetando a digestão e aumentando o apetite por alimentos ricos em açúcar e carboidratos, que ingeridos em excesso, potencializam o ganho de peso.\n\nAlém disso, a privação de sono está ligada normalmente a quadros de estresse e ansiedade, que também são gatilhos para uma alimentação desequilibrada.\n\nPriorize seu sono, crie boas rotinas antes de dormir, sem uso eletrônicos e o consumo de alimentos pesados.\n\n**Dica Bônus!**\n\n[InSea2®](https://maceladourada.com.br/insea-2-250mg-60-capsulas) é um potente redutor da absorção de carboidratos, que ajuda na redução da glicemia. Quando a glicemia está alterada, além de representar riscos para a saúde, ela ainda provoca desconfortos como sonolência e cansaço corporal logo após uma refeição.\n\n[InSea2®](https://maceladourada.com.br/insea-2-250mg-60-capsulas) é capaz de regularizar os níveis de glicose no sangue, assim como reduzir estes sintomas através da redução da absorção de açúcar dos alimentos.\n\nOnde encontrar\n\nO inSea2 você encontra na [Macela Dourada](https://maceladourada.com.br/insea-2-250mg-60-capsulas), clique aqui e adquira!\n\nFonte:\nuol.com.br\n\n\nviafarmanet.com.br\n\n\n\\*\\* Nunca tome medicamentos sem orientação de um profissional.",
  "sections": [
    {
      "type": "page-title",
      "title": "7 dicas para comer chocolate sem estragar a dieta",
      "description": "O chocolate é considerado um dos doces mais querido pelas pessoas. Em tempos de festa ou datas comemorativas fica impossível resistir a um mundo de sabores disponíveis."
    }
  ]
}