{
  "date": "2021-03-17T20:38:27.860Z",
  "title": "7 segredos que o seu intestino está querendo te contar\t",
  "thumbnail": "https://res.cloudinary.com/maceladourada/image/upload/v1617974595/intestino-1-_g5xtmn.png",
  "description": "Constantemente você sente dores abdominais e seu intestino te causa problemas? Veja o que esses sintomas podem estar indicando...",
  "body": "![](https://res.cloudinary.com/maceladourada/image/upload/v1617974595/intestino-1-_g5xtmn.png)\n\nConstantemente você sente dores abdominais e seu intestino te causa problemas? Veja o que esses sintomas podem estar indicando e como controlá-los:\n\n**1. Seu sistema imunológico pode estar fraco**\n\nGrande parte do nosso sistema imunológico está concentrada no intestino. É esse órgão que também é responsável pela produção de vitaminas do complexo B e vitamina K. O estado do intestino vai afetar a absorção de nutrientes, o que afeta o sistema imunológico e a saúde do organismo como um todo.\n\nEntão, se você fica doente com muita frequência, pode ser por causa do seu intestino. É preciso equilibrar a microbiota intestinal, para que o sistema de defesa do organismo possa funcionar de forma adequada e eficiente.\n\n**2. Você precisa ajustar seus padrões de sono**\n\nA falta de sono pode afetar a saúde do intestino – e vice-versa. O intestino produz cerca de 80% da serotonina do nosso corpo, neurotransmissor que atua regulando os níveis de sono. Se a serotonina não está sendo produzida corretamente, é sinal de que seu intestino pode estar com problemas.\n\n**3. Você precisa de mais exercício físico**\n\nMovimentar o seu corpo significa movimentar o seu intestino, pois o exercício físico libera hormônios capazes de acelerar o trânsito intestinal e que podem facilitar as idas ao banheiro.\n\n**4. Sua dieta precisa de mais fibras**\n\nSe você tem dificuldade de fazer o número 2, você pode estar sofrendo de constipação. As causas podem ser a dieta, então procure comer mais fibras e beber mais água. Se mesmo assim a constipação persistir, pode ser um indicativo de outras doenças. Então é hora de consultar seu médico.\n\n**5. Pode ser hora de fazer uma colonoscopia**\n\nNão deixe o medo te impedir de fazer esse procedimento, afinal, ele pode salvar sua vida. Especialmente se você possui algum desses sintomas: sangue ou pus nas fezes; perda de peso; febre; dores abdominais e cólicas que te acordam durante a noite.\n\nAlém disso, ter um histórico familiar de câncer de cólon ou de SII (Síndrome do intestino Irritável) também já é indicativo de que você precisa desse exame.\n\n**6. Você pode ter alguma alergia**\n\nCertos alimentos podem estar incomodando o seu organismo, mas não é tão simples identificar quais são eles. A forma mais simples de descobrir é através de experimentação e eliminação. Por exemplo, se toda vez que você come almôndegas você sente dor, então talvez você possua uma sensibilidade ou alergia a elas ou a algum ingrediente que é usado em seu preparo.\n\nPara ajudar a descobrir os padrões, mantenha um diário da sua alimentação.E busque um gastroenterologista para saber se você não possui doença celíaca ou alguma intolerância alimentar.\n\n**7. Você pode sofrer de SII – Síndrome do Intestino Irritável**\n\nIntestino solto também pode ser um sinal de SII, bem como intestino preso. A maioria dos pacientes tem dor ou desconforto abdominal, que melhoram quando vão ao banheiro. Ainda que as causas sejam desconhecidas, a microbiota desequilibrada pode ter relação. Infelizmente, ainda não há cura. Mas há como tratar os sintomas.\n\n**Como melhorar a saúde o intestino**\n\n[BIOintestil®](https://maceladourada.com.br/biointestil-300mg-30-capsulas) é um produto natural e inovador para a manutenção da saúde gastrointestinal, com uma formulação única que consiste em um processo que concentra a liberação dos ativos exclusivamente no cólon, garantindo potente efeito terapêutico.\n\nEle possui atividade no controle da disbiose e da síndrome do intestino irritável, aliviando sintomas como gases, náuseas, dores abdominais e regularização da função intestinal. É 100% natural e encontrado nas melhores farmácias de manipulação.\n\n**Ações:**\n\n* Aumenta a motilidade intestinal;\n* Estimula a digestão;\n* Equilibra a microbiota intestinal;\n* Alivia sintomas como gases, náuseas e vômitos;\n* Elimina o inchaço e dores abdominais;\n* Trata a síndrome do intestino irritável.\n\n**Vantagens:**\n\n* Ação anti-inflamatória específica; redução dos efeitos adversos comparado aos anti-inflamatórios comuns;\n* O efeito antimicrobiano não causa resistência bacteriana, efeito observado em antibióticos comuns;\n* Potente efeito terapêutico na síndrome do intestino irritável devido a sua ação direta no cólon.\n\nComece a cuidar do seu intestino agora mesmo! [Clique para adquirir.](https://maceladourada.com.br/biointestil-300mg-30-capsulas)\n\nGostou do post? Entre em contato pelo o [WhatsApp](https://linklist.bio/mcdlojas) para tirar dúvidas e nos enviar sugestões.\n\n\\*Nunca tome medicamentos sem orientação de um profissional.\n\nFonte:\neuusomedicamentomanipulado.com.br",
  "sections": [
    {
      "type": "page-title",
      "title": "7 segredos que o seu intestino está querendo te contar",
      "description": "Constantemente você sente dores abdominais e seu intestino te causa problemas? Veja o que esses sintomas podem estar indicando e como controlá-los:"
    },
    {
      "type": "blog-post",
      "enabled": true
    },
    {
      "type": "collection-shelf",
      "shuffle": true,
      "limit": 12,
      "page": 1,
      "collection_id": "6035d4389332dd6865dcc551:categories:Saúde do Intestino:/saude-do-intestino-manipulado"
    }
  ]
}