{
  "date": "2021-03-17T18:03:36.530Z",
  "title": "8 dicas para fazer o cabelo crescer mais forte e rápido",
  "thumbnail": "https://res.cloudinary.com/maceladourada/image/upload/v1617974583/dicas-para-fazer-o-cabelo-crescer-1-_gqgy8r.png",
  "description": "O ciclo de vida do nosso cabelo ocorre no folículo piloso. É dentro dessa estrutura que nosso cabelo é produzido. No fundo dela há a raiz, repleta de...",
  "body": "![](https://res.cloudinary.com/maceladourada/image/upload/v1617974583/dicas-para-fazer-o-cabelo-crescer-1-_gqgy8r.png)\n\nO ciclo de vida do nosso cabelo ocorre no folículo piloso. É dentro dessa estrutura que nosso cabelo é produzido. No fundo dela há a raiz, repleta de células que se multiplicam constantemente.\n\nQuando essas células se multiplicam, empurram o fio de cabelo para fora, fazendo, assim, com que ele cresça.\n\nA fase de crescimento é seguida pela de transição e regressão e, então, vem a etapa de repouso, que é a fase em que o fio de cabelo cairá e o crescimento irá reiniciar.\n\nA média de crescimento capilar é de 1,5 cm por mês.\n\nPorém existem alguns truques e dicas que podem fazê-los crescer mais rápido, como garantir todos os nutrientes que o corpo precisa para formar os fios e melhorar a circulação sanguínea local.\n\n**Veja 8 dicas para fazer o cabelo crescer mais rápido:**\n\n**Usar babosa no cabelo**\n\nVocê provavelmente já ouviu falar das propriedades mágicas da babosa, ou aloe vera. Essa planta é recomendada para variados usos que envolvem o universo da beleza. Um desses usos é, exatamente, para fazer o cabelo crescer.\n\nPara usá-la no cabelo, basta abrir a folha de babosa e, com o auxílio de uma colher, retirar o recheio gelatinoso de dentro. Pode-se passar esse recheio no couro cabeludo sozinho ou misturá-lo com um óleo apropriado para o cabelo.\n\n**Cortar o cabelo**\n\nEssa dica provavelmente soa muito estranha, não é mesmo? Se o objetivo é fazer o cabelo crescer, como cortá-lo irá ajudar?\n\nO importante é fazer o corte certo para retirar as pontas duplas sem alterar o comprimento do cabelo. Isso porque as pontas duplas são grandes responsáveis pela quebra da fibra capilar, o que torna mais difícil perceber seu crescimento.\n\n**Comer alimentos ricos em proteínas**\n\nOs alimentos ricos em proteínas, como carne, peixe, leite, ovos e iogurte, são necessários para formar a matriz capilar que dá origem ao cabelo e a barba, por isso, ao ingerir uma maior quantidade deste nutriente os fios tendem a crescer mais rápido e mais bonitos\n\n**Massageie o couro cabeludo**\n\nMassagear o couro cabeludo por alguns minutos é um simples método para estimular a região e fazer o cabelo crescer.\n\nIsso porque a massagem aumentará o fluxo sanguíneo na região da raiz, fazendo com que ela receba mais oxigênio, fator que ajudará a fazer com que o fio cresça rapidamente.\n\nQuem não lava os cabelos todos os dias pode pentear os cabelos durante alguns bons minutos, diariamente, porque este hábito também melhora a circulação sanguínea no couro cabeludo.\n\nQuando se deseja que a barba cresça o que se pode fazer é 'pentear' a região com um pente fino, por exemplo.\n\n**Use produtos para crescimento do cabelo**\n\nMáscara, shampoo, vitaminas. Muitos são os produtos que prometem fazer o cabelo crescer mais rápido. Embora esses produtos não realizam nenhum milagre, eles podem ser um auxílio extra para quem deseja que o cabelo cresça rapidamente.\n\nO que esses produtos fazem é fornecer ao cabelo as vitaminas que ele necessita para poder crescer forte e saudável. Assim, seu cabelo irá ficar nutrido e hidratado e quebrará menos, fazendo com que o crescimento se torne mais aparente.\n\n**Beba muita água**\n\nNão é nenhum segredo que beber água é essencial para a saúde do corpo. Mas manter-se hidratado também é importante para quem deseja fazer o cabelo crescer mais rápido.\n\nIsso porque a água ajudará o corpo a eliminar toxinas indesejadas e hidratar cabelo e pele, que são sempre os primeiros a sofrer com os sinais de desidratação.\n\nSua pele, cabelo e unhas irão agradecer por toda essa hidratação!\n\n**Hidratar o cabelo 1 vez por semana**\n\nHidratar os fios semanalmente com uma máscara adequada para o seu tipo de cabelo é importante para que o cabelo cresça bonito e não fique danificado.\n\nApós lavar os fios com shampoo e condicionador, deve-se enxaguar muito bem, até que não fique nenhum vestígio de creme nos cabelos porque os resíduos podem dificultar o crescimento dos cabelos.\n\nPessoas com cabelos muito crespos ou afro podem achar que seus cabelos demoram muito tempo para crescer, porque eles vão se enrolando naturalmente desde a raiz, mas isso não quer dizer que não cresçam normalmente.\n\n**Cuidado na hora de lavar o cabelo**\n\nO couro cabeludo precisa estar limpo para que o cabelo cresça forte e saudável. Manter uma rotina de cuidados e de lavagem é importante para a saúde de suas madeixas e, portanto, ajudará a fazer o cabelo crescer.\n\nResista à tentação de esfregar o shampoo no cabelo e limite o uso de shampoos anti-resíduos para uma vez a cada duas semanas, preferindo os shampoos sem sulfato para o dia a dia.\n\nLembre-se também de evitar a água quente, que estimulará a oleosidade na região da raiz e fará com que as pontas fiquem ressecadas e quebradiças.\n\nAo seguir estas dicas, o cabelo e a barba devem crescer mais rápido, no entanto, existem casos em que o cabelo não cresce devido a doenças ou ao acúmulo de toxinas no organismo.\n\nSe não notar nenhuma mudança em 3 meses, é aconselhada uma consulta com um dermatologista.\n\n[Clique aqui e veja as melhores opções para cuidar dos seus cabelos](https://maceladourada.com.br/cabelo)\n\nGostou do post? [Clique aqui](https://linklist.bio/mcdlojas) e entre em contato pelo [whatsapp](https://linklist.bio/mcdlojas) para tirar suas dúvidas e nos enviar sugestões.\n\nVeja também: [Queda capilar: 6 motivos que levam ao enfraquecimento dos fios](https://maceladourada.com.br/6-motivos-que-promovem-a-queda-dos-cabelos)\n\nFonte:\\\ntuasaude.com\\\ncabelo.com.br",
  "sections": [
    {
      "type": "page-title",
      "title": "8 dicas para fazer o cabelo crescer mais forte e rápido",
      "description": "O ciclo de vida do nosso cabelo ocorre no folículo piloso. É dentro dessa estrutura que nosso cabelo é produzido. No fundo dela há a raiz, repleta de células que se multiplicam constantemente."
    },
    {
      "type": "blog-post",
      "enabled": true
    },
    {
      "type": "collection-shelf",
      "shuffle": true,
      "limit": 12,
      "page": 1,
      "collection_id": "6035d5c19332dd6865dcc6f2:categories:Crescimento Capilar:/crescimento-capilar"
    }
  ]
}