{
  "date": "2021-03-09T20:43:26.244Z",
  "title": "Alimentos que melhoram a saúde do intestino",
  "sections": [
    {
      "type": "page-title",
      "title": "Alimentos que melhoram a saúde do intestino",
      "description": "Todos os alimentos que consumimos precisam ser digeridos, ou seja, transformados pelo nosso organismo em pedacinhos bem pequenos para que possam ser absorvidos e, assim, desempenhar funções biológicas importantes para nos manter vivos."
    },
    {
      "type": "blog-post",
      "enabled": true
    },
    {
      "type": "collection-shelf",
      "shuffle": true,
      "limit": 12,
      "page": 1,
      "collection_id": "6035d4389332dd6865dcc551:categories:Saúde do Intestino:/saude-do-intestino-manipulado"
    }
  ],
  "thumbnail": "https://res.cloudinary.com/maceladourada/image/upload/v1617974576/alimentos-que-tem-a-capacidade-de-melhorar-a-saude-intestinal-1-1-_c0a1wd.png",
  "description": "Todos os alimentos que consumimos precisam ser digeridos, ou seja, transformados pelo nosso organismo em pedacinhos bem pequenos para...",
  "body": "![](https://res.cloudinary.com/maceladourada/image/upload/v1617974576/alimentos-que-tem-a-capacidade-de-melhorar-a-saude-intestinal-1-1-_c0a1wd.png)\n\nTodos os alimentos que consumimos precisam ser digeridos, ou seja, transformados pelo nosso organismo em pedacinhos bem pequenos para que possam ser absorvidos e, assim, desempenhar funções biológicas importantes para nos manter vivos.\n\nEsse processo de digestão começa na boca, passando pelo estômago e intestino e ainda conta com a participação de outros órgãos, como pâncreas e fígado.\n\nPorém, existem algumas bactérias localizadas no intestino que são de extrema importância no processo digestivo. Elas são responsáveis por fermentar alguns alimentos e finalizar a digestão dos mesmos.\n\nEssas bactérias se dividem entre “bactérias boas” (ou probióticas) e “bactérias ruins”. Se o intestino terá mais bactérias boas ou ruins, depende da alimentação de cada pessoa.\n\nOs alimentos naturais e saudáveis aumentam a população de bactérias boas. Enquanto os alimentos com alto teor de açúcar, gordura, muito processados e fast-food fazem aumentar a quantidade de bactérias ruins.\n\n**E qual o impacto disso na saúde?**\n\nQuando há mais bactérias boas, o intestino funciona de forma regular, diariamente e sem desconfortos, além de proporcionar bem-estar de uma forma geral.\n\nPorém, se houver um desequilíbrio e o número de bactérias ruins for superior, efeitos como intestino preso, gases, inchaço e dores abdominais são recorrentes.\n\nAlém disso, casos de dermatite, depressão, alergias e doenças autoimunes também estão correlacionadas ao mau funcionamento do intestino.\n\nAlguns alimentos têm a capacidade de melhorar ainda mais a saúde intestinal. Confira abaixo alguns deles.\n\n**Ameixa –** além de ser um alimento rico em vitamina C, vitaminas do complexo B e fibras, a ameixa contém substâncias com propriedades laxativas, ou seja, que estimulam o funcionamento do intestino.\n\n**Abacate –** é um alimento que contém gorduras do bem, as chamadas gorduras monoinsaturadas, que auxiliam na lubrificação das fezes e, portanto, facilitam a sua eliminação.\n\n**Maçã –** a casca da maçã contém uma fibra chamada pectina, capaz de reter água, formando uma espécie de gel, o que aumenta o bolo fecal, facilitando o trânsito intestinal e ainda serve como alimento para as bactérias boas do intestino.\n\n**Mamão –** contém uma enzima chamada papaína que auxilia na digestão de proteínas, dessa forma, a fruta acelera o trânsito intestinal.\n\n**Kiwi –** além de conter enzimas que auxiliam na digestão de proteínas, o kiwi possui efeito laxativo, aumentando a frequência de idas ao banheiro e ainda beneficia o crescimento de bactérias do bem.\n\n**Aveia –** alimento bastante nutritivo, rico em magnésio, zinco e fibras. A aveia tem a capacidade de reter água, regularizando o funcionamento do intestino. O grande destaque da aveia é o seu conteúdo de fibras do tipo beta-glucana que auxilia no controle da glicemia e colesterol e ainda promove o crescimento de bactérias boas no intestino.\n\n**Água –** essencial para manter o bom funcionamento do intestino, pois é ela que compõe as fezes. Se o aumento do consumo de fibras não for acompanhado do aumento do consumo de água, o efeito pode ser totalmente o contrário do esperado e causar constipação intestinal (intestino preso).\n\nAté agora falamos de como favorecer as bactérias boas, certo? E como eliminar as bactérias ruins?\n\n[BIOintestil®](https://maceladourada.com.br/biointestil-300mg-30-capsulas) é um produto 100% natural e inovador, composto pelo óleo essencial de palma rosa e pela fibra do gengibre, capaz de provocar a morte das bactérias ruins e, dessa forma, regularizar o funcionamento do intestino.\n\n[BIOintestil®](https://maceladourada.com.br/biointestil-300mg-30-capsulas) tem ação comprovada na redução de dores abdominais, inchaço e eliminação de gases.\n\n**Ações:**\n\n* Aumenta a motilidade intestinal;\n* Estimula a digestão;\n* Equilibra a microbiota intestinal;\n* Alivia sintomas como gases, náuseas e vômitos;\n* Elimina o inchaço e dores abdominais;\n* Trata a síndrome do intestino irritável.\n\n**Vantagens:**\n\n* Ação anti-inflamatória específica; redução dos efeitos adversos comparado aos anti-inflamatórios comuns;\n* O efeito antimicrobiano não causa resistência bacteriana, efeito observado em antibióticos comuns;\n* Potente efeito terapêutico na síndrome do intestino irritável devido a sua ação direta no cólon.\n\n  **Comece a cuidar do seu intestino agora mesmo!**\n\nUma alimentação saudável + [BIOintestil®](https://maceladourada.com.br/biointestil-300mg-30-capsulas) são os seus aliados da saúde intestinal!\n\nGostou do post? Deixe seu comentário ou [CLIQUE AQUI ](https://linklist.bio/mcdlojas)e entre em contato pelo [whatsapp](https://linklist.bio/mcdlojas) para tirar suas dúvidas e nos enviar sugestões.\n\n[Clique aqui para acessar nossa Loja Virtual](https://maceladourada.com.br/)\n\nfonte: infinitypharma.com.br"
}