{
  "date": "2021-03-18T01:19:02.547Z",
  "title": "Altilix™: Detoxificação Eficaz E Segura Em Cápsulas",
  "body": "![](https://res.cloudinary.com/maceladourada/image/upload/v1617974575/altilix-image-_lw7yoj.png)\n\nO Altilix™ é um composto de origem natural, extraído das folhas da alcachofra (Cynara cardunculus L. var. altilis). É padronizado em altas concentrações de bioativos com efeito detoxificante devido ao perfil específico da planta cultivada na Sicília.\n\nAltilix™ apresenta coloração amarelo-clara, diferente de outros extratos comuns em virtude do seu método de extração aquoso (decocção), que garante a pureza do ativo.\n\nDentre os seus compostos bioativos, destacam-se três: ácido clorogênico, luteolina-7-glucosídeo e a cinarina, que exercem importantes efeitos benéficos sobre o organismo.\n\n**Qual a importância do processo de detoxificação no organismo?**\n\nComumente encontradas nos poluentes do ar, aditivos químicos, medicamentos, ou produzidas endogenamente, as toxinas se acumulam nos tecidos.\n\nIsso ocorre principalmente, em células de gordura e prejudicam o metabolismo e o aporte correto de nutrientes, favorecendo o aumento do risco de desenvolvimento de determinadas doenças e dificultando o emagrecimento saudável.\n\nO processo de detoxificação ocorre naturalmente no organismo, principalmente nas células do fígado, e que tem por objetivo a eliminação ou redução de toxinas, todavia é possível otimizar esse processo mediante o consumo de compostos específicos.\n\nConheça mais sobre sua aplicabilidade em diversos casos!\n\n**Gerenciamento do peso**\n\nNo processo de emagrecimento, faz-se necessária a detoxificação hepática, após perda considerável de peso, devido ao estímulo da lipólise que contribui para o aumento de toxinas no organismo, levando o organismo a um estado chamado platô (momento em que a perda de peso fica dificultada e sem alterações).\n\n**[Veja como sair do efeito platô](https://maceladourada.com.br/como-sair-do-efeito-plato)**\n\nAlém da prática de exercícios físicos, a alimentação equilibrada, com nutrientes antioxidantes e compostos com efeitos detoxificantes, mostra-se importante na gestão do controle do peso.\n\nNesse sentido, o[ Altilix™ ](https://maceladourada.com.br/altilix-100mg-30-capsulas)constitui-se em excelente auxiliar na dieta, pois contém compostos bioativos com ação detoxificante que ajudam no controle do peso e na proteção da saúde.\n\n**Esporte**\n\nQuando falamos sobre esporte, uma das principais abordagens é o adequado aporte de nutrientes, como vitaminas e minerais.\n\nO fígado é o principal órgão onde ocorrem todas as reações de metabolização do nosso organismo e, quando o fígado sofre alguma disfunção, o aporte de nutrientes também fica prejudicado, levando à redução do desempenho, ao catabolismo muscular, à lesões, etc.\n\nDessa forma, a ingestão de nutrientes hepatoprotetores e que contribuam com a redução lipídica é fundamental para a melhora do estado de saúde em geral.\n\nAltilix™ possui em sua composição a Luteolina-7-glucosídeo, bioativo que estimula o NRF-2, favorecendo a ação das enzimas antioxidantes sobre as células hepáticas, e inibe a biossíntese do colesterol.\n\n**Função Intestinal**\n\nTradicionalmente, os compostos contidos nas folhas de alcachofra são utilizados para atividade detoxificante devido às suas ações antioxidante, colerética e anticolestática.\n\nAltilix™ possui a composição ideal para uma excelente ação na melhora da motilidade intestinal, pois promove aumento da produção da bile e aumento do fluxo da bile para o duodeno.\n\nA praticidade do Altilix™, ainda, permite que ele possa ser utilizado em suplementos dietéticos, alimentos e bebidas funcionais produzidos para melhorar a funcionalidade do trato gastrointestinal.\n\n**Mecanismo de ação do Altilix**\n\n**Benefícios:**\n\n* Atividade diurética e detoxificante;\n* Ação hepatoprotetora;\n* Ação antioxidante hepática;\n* Alcalinização intestinal;\n* Ação Anticolestática.\n\n**Altilix™ é recomendado para:**\n\n* Detoxificação otimizada, prática e segura do organismo;\n* Otimização do processo de emagrecimento e perda de peso;\n* Auxílio na proteção do fígado.\n\n**Onde Encontrar**\n\nAltilix™ você encontra na Macela Dourada! [Clique aqui e adquira!](https://maceladourada.com.br/altilix-100mg-30-capsulas)\n\nGostou do post? Entre em contato para tirar dúvidas e nos enviar sugestões, c[lique aqui.](https://linklist.bio/mcdlojas)\n\n\\*Nunca tome medicamentos sem orientação de um profissional.\n\n**Fonte:**\n\ngalenanutrition.com.br",
  "description": "Altilix™ possui a composição ideal para uma excelente ação na melhora da motilidade intestinal, pois promove aumento da produção...",
  "sections": [
    {
      "type": "page-title",
      "title": "Altilix™: Detoxificação Eficaz E Segura Em Cápsulas",
      "description": "Altilix™ possui a composição ideal para uma excelente ação na melhora da motilidade intestinal, pois promove aumento da produção..."
    },
    {
      "type": "blog-post",
      "enabled": true
    },
    {
      "type": "collection-shelf",
      "shuffle": true,
      "limit": 12,
      "page": 1,
      "collection_id": "6035d62c9332dd6865dcc761:categories:Emagrecedores:/emagrecedores"
    }
  ],
  "thumbnail": "https://res.cloudinary.com/maceladourada/image/upload/v1617974575/altilix-image-_lw7yoj.png"
}