{
  "date": "2021-04-14T20:03:49.862Z",
  "title": "Aplicativo Macela Dourada",
  "thumbnail": "https://res.cloudinary.com/maceladourada/image/upload/v1618430618/baixe-o-aplicaivo-macela_mrsxzn.png",
  "body": "![](https://res.cloudinary.com/maceladourada/image/upload/v1618430618/baixe-o-aplicaivo-macela_mrsxzn.png)\n\nConecte-se com a sua saúde! Baixe o aplicativo da Macela Dourada!\n\nEnvie sua receita pelo aplicativo e solicite um orçamento, tire dúvidas online e peça seu medicamento com um clique!\n\nCom o aplicativo, você terá o registro de todos os orçamentos realizados, facilitando repetições de orçamentos...\n\nAlém disso, é possível cadastrar lembretes úteis, com alertas, como os horários para tomar os medicamentos e quantas doses ainda restam a serem tomadas.\n\nVocê ainda pode escolher para qual loja quer enviar o seu pedido, além de poder monitorar o status do seu pedido, se foi enviado, pronto pra retirada, etc.\n\nTenha a Macela Dourada em suas mãos, onde você estiver!\n\n[Clique aqui para baixar!](https://www.subscribepage.com/aplicativo_maceladourada)\n\n<iframe width=\"100%\" height=\"315\" src=\"https://www.youtube.com/embed/bl6FdrEFvVw\" title=\"YouTube video player\" frameborder=\"0\" allow=\"accelerometer; autoplay; clipboard-write; encrypted-media; gyroscope; picture-in-picture\" allowfullscreen></iframe>",
  "description": "Conecte-se com a sua saúde! Baixe o aplicativo da Macela Dourada!",
  "sections": [
    {
      "type": "page-title",
      "title": "Aplicativo Macela Dourada",
      "description": "Conecte-se com a sua saúde! Baixe o aplicativo da Macela Dourada!"
    }
  ]
}