{
  "date": "2021-03-17T18:14:07.088Z",
  "title": "Como o estresse impacta na saúde dos cabelos e como tratar\t",
  "thumbnail": "https://res.cloudinary.com/maceladourada/image/upload/v1617974585/estresse-queda-de-cabelo-_jee5fj.png",
  "description": "Falta de tempo para si ou para a família. Longas horas de trabalho. Pressão dos chefes. Esses são apenas alguns dos problemas que...",
  "body": "![](https://res.cloudinary.com/maceladourada/image/upload/v1617974585/estresse-queda-de-cabelo-_jee5fj.png)\n\nFalta de tempo para si ou para a família. Longas horas de trabalho. Pressão dos chefes. Esses são apenas alguns dos problemas que muitos brasileiros enfrentam diariamente e que levam ao estresse.\n\nSegundo a International Stress Management Association (Isma – Brasil), os brasileiros estão no segundo lugar entre os mais estressados.\n\nMas engana-se quem acredita que o estresse é apenas um sintoma passageiro. O constante sentimento de estresse é fruto de uma defesa do organismo a estímulos físicos ou emocionais que são ameaçadores.\n\nAssim, quem está em um ambiente com esses fatores, pode desenvolver efeitos secundários do estresse. Entre eles, o comprometimento da a saúde do couro cabeludo.\n\nDessa forma, a queda excessiva de cabelo pode ser apontada como um forte sintoma do estresse. Não é atoa que se usa a expressão “perdendo os cabelos” em situações de ansiedade e irritação, pois isso realmente acontece.\n\nPortanto, é importante entender os motivos para o estresse afetar a saúde do couro cabeludo e consequentemente, ocasionar sua queda. É o que veremos a seguir!\n\n**Como o estresse afeta a queda de cabelo?**\n\nAo passar por uma situação de estresse, o organismo libera cortisol, em conjunto com outros hormônios. Essa é a forma como o corpo busca se proteger daquilo que lhe está causando incômodo.\n\nNo entanto, a constante liberação de hormônios afeta o organismo, que não consegue mais controlar o nível de substâncias químicas no sangue.\n\nAssim, os hormônios alteram os folículos capilares e estes entram na fase telógena, a fase da queda, de maneira acentuada e precoce. Entretanto, isso não necessariamente ocorre de um dia para o outro.\n\nNo caso do eflúvio telógeno, a queda de cabelo excessiva pode acontecer em até três meses após um evento estressante.\n\nO eflúvio telógeno é uma condição que altera a saúde do couro cabeludo, em especial, o ciclo natural dos fios. Em condições normais, 85% dos cabelos estão na fase anágena, quando os fios crescem.\n\nMas com eflúvio telógeno, há uma indução para que mais fios passem para a fase de repouso, quando os fios caem, conhecida como fase telógena. Apesar dessa condição afetar todo o couro cabeludo, pode ocasionar a queda de cabelo em certos lugares e ser mais perceptível.\n\n**Como lidar com o estresse**\n\nApesar das situações de estresse serem impossíveis de evitar, é possível ter o controle sobre como reagir a elas e se manter no comando da situação. Além disso, mudanças no estilo de vida podem auxiliar a lidar com as situação de estresse.\n\n**Alimentação**\n\nQuando não há uma alimentação saudável, os cabelos sofrem com a deficiência de nutrientes. O que é comum acontecer pela correria do trabalho e estresse, que forçam a pessoa a buscar as famosas “junk food”.\n\nPortanto, se planeje para se alimentar em horários não muitos espaçados e sempre se alimentar de forma balanceada. Leve consigo frutas, barrinhas de cereal ou nozes para matar a fome nos intervalos do dia a dia.\n\n**Qualidade do sono**\n\nPensar nos problemas antes de dormir ou ter poucas horas de sono, têm um grande efeito na qualidade de vida. O primeiro pode gerar insônia e deixar o indivíduo ainda mais estressado por eventos que sequer ocorreram.\n\nPoucas horas de sono deixam o indivíduo mais vulnerável a cometer erros, que causarão estresse.\n\nO ideal é sempre dormir na mesma hora, se desligar do celular e computador e aproveitar esse momento para descansar verdadeiramente.\n\n**Atividades ao ar livre**\n\nEstar em contato com a natureza pode trazer inúmeros benefícios para a saúde. Pesquisas demonstraram melhora na memória, na saúde mental e na atenção.\n\nSobre o estresse, estar perto da natureza diminui os níveis de substâncias relacionadas à condição.\n\n**Exercícios físicos**\n\nDiversas pesquisas demonstraram a ligação entre a prática de exercícios e o controle do estresse.\n\nAlém dos benefícios para a saúde, os exercícios também geram efeitos benéficos no estado de humor do indivíduo e gera uma melhoria no bem-estar psicológico.\n\n**Queda de cabelo por estresse: O QUE FAZER?**\n\nDe acordo com o estado de saúde do couro cabeludo que o indivíduo apresenta, são necessários suplementos para auxiliar na diminuição da queda dos fios.\n\nNa Macela Dourada, temos duas soluções que atuam tanto na prevenção da queda do cabelo quanto no controle da ansiedade e estresse.. São elas, respectivamente, **Keranat™** e **Zembrin®** .\n\n**Keranat™** é um suplemento altamente eficaz que fornece os nutrientes necessários para os cabelos. Ele age no centro de crescimento dos fios, no bulbo capilar, favorecendo a diminuição na queda de cabelo e tornando os fios mais brilhantes e fortes.\n\nOu seja, uma ação de dentro para fora dos fios. Além de prevenir a queda, facilita o crescimento do cabelo, e assim, aumenta o volume dos cabelos. \n\nJá o **Zembrin®** um ativo patenteado que contém os princípios ativos “chave” da Sceletium tortuosum, uma planta de origem Sul-Africana, conhecida há muitos anos pelas suas propriedades na melhora do bem-estar. \n\nAssim, resultados comprovaram que **Zembrin®** diminui de forma natural os sintomas do estresse, tensão e ansiedade, modulando os níveis de cortisol no organismo.\n\nA combinação de ambos pode melhorar tanto a queda de cabelo quanto a saúde dos fios, assim como promove maior qualidade de vida.\n\n**Onde encontrar**\n\nA fórmula magistral do Keranat e do Zembrin você encontra na [Macela Dourada!](https://maceladourada.com.br/)\n\nGostou do post? [Clique aqui](https://linklist.bio/mcdlojas) e entre em contato pelo [whatsapp](https://linklist.bio/mcdlojas) para tirar suas dúvidas e nos enviar sugestões.\n\nVeja também: [Queda capilar: 6 motivos que levam ao enfraquecimento dos fios](https://maceladourada.com.br/6-motivos-que-promovem-a-queda-dos-cabelos)\n\nFonte: iberoquimica.com.br",
  "sections": [
    {
      "type": "page-title",
      "title": "Como o estresse impacta na saúde dos cabelos e como tratar",
      "description": "Falta de tempo para si ou para a família. Longas horas de trabalho. Pressão dos chefes. Esses são apenas alguns dos problemas que muitos brasileiros enfrentam diariamente e que levam ao estresse."
    },
    {
      "type": "blog-post",
      "enabled": true
    }
  ]
}
