{
  "date": "2021-03-02T17:06:18.106Z",
  "title": "Como lidar com aquele soninho após o almoço?",
  "thumbnail": "https://res.cloudinary.com/maceladourada/image/upload/v1617974571/como-lidar-com-aquele-soninho-apos-o-almoco-_x3jeeq.png",
  "body": "![](https://res.cloudinary.com/maceladourada/image/upload/v1617974571/como-lidar-com-aquele-soninho-apos-o-almoco-_x3jeeq.png)\n\nEsse soninho é tão famoso que tem até nome: **Maré pós-prandial.** \n\nDurante a digestão, o fluxo sanguíneo do nosso corpo é direcionado para o aparelho digestivo, o que reduz a atividade cerebral e nos dá aquela sensação de “moleza”.\n\nAlém disso, sentimos esse cansaço pós-refeição devido ao aumento da glicose que está circulando no nosso organismo – o que acontece principalmente após **refeições ricas em carboidratos.**\n\nO aumento das taxas de açúcar no sangue reduz o estado de alerta do nosso cérebro, aumentando o cansaço e o sono. \n\n**E como contornar essa situação?**\n\n**InSea2®** é um bloqueador de carboidratos que corta sua absorção **PELA METADE** e também ajuda a reduzir a sonolência e o cansaço corporal logo após uma refeição. \n\nPeça sua formulação personalizada ao seu médico, nutricionista ou consulte nossas farmacêuticas para maiores informações.\\\n\\\n[Clique aqui](https://linklist.bio/mcdlojas) para falar com nossas farmacêuticas.",
  "sections": [
    {
      "type": "page-title",
      "description": "Esse soninho é tão famoso que tem até nome: **Maré pós-prandial.**   Durante a digestão, o fluxo sanguíneo do nosso corpo é direcionado para o aparelho digestivo, o que reduz a atividade cerebral e nos dá aquela sensação de “moleza”.",
      "title": "Como lidar com aquele soninho após o almoço?"
    },
    {
      "type": "blog-post",
      "enabled": true
    }
  ],
  "description": "Esse soninho é tão famoso que tem até nome: Maré pós-prandial. Durante a digestão, o fluxo sanguíneo do nosso corpo é direcionado para o aparelho digestivo..."
}
