{
  "date": "2021-03-11T18:52:44.787Z",
  "title": "Como prevenir o envelhecimento dos lábios",
  "sections": [
    {
      "type": "page-title",
      "title": "Como prevenir o envelhecimento dos lábios",
      "description": "Da cabeça aos pés, estamos sujeitos aos efeitos do passar dos anos e aos fatores genéticos e externos, como sol e poluição. Nem a pele dos lábios fica ilesa."
    },
    {
      "type": "blog-post",
      "enabled": true
    }
  ],
  "description": "Da cabeça aos pés, estamos sujeitos aos efeitos do passar dos anos e aos fatores genéticos e externos, como sol e poluição...",
  "thumbnail": "https://res.cloudinary.com/maceladourada/image/upload/v1617974615/saude-dos-labios-1-_pmeccv.png",
  "body": "![](https://res.cloudinary.com/maceladourada/image/upload/v1617974615/saude-dos-labios-1-_pmeccv.png)\n\nDa cabeça aos pés, estamos sujeitos aos efeitos do passar dos anos e aos fatores genéticos e externos, como sol e poluição. Nem a pele dos lábios fica ilesa.\n\nCom baixa produção de oleosidade (que atuaria como uma proteção natural), característica que leva ao envelhecimento precoce, a região, que é muito sensível, ainda sofre com a superexposição.\n\n**Por que os lábios ressecam?**\n\nO ressecamento dos lábios sofre influência de diversos fatores, como vento, frio, exposição solar, saliva, uso de ácidos na pele, poluição e ar-condicionado.\n\nAlém disso, o uso de alguns medicamentos, ingestão de pouca água, entre outras ações que acontecem no dia a dia interferem nesse processo, tornando necessária a hidratação dos lábios.\n\nEssa região costuma ressecar bastante e uma das razões é porque a produção de sebo nos lábios é pequena, aumentando a sensibilidade.\n\nO contato direto com a saliva, que possui pH ácido, contribui ainda mais no ressecamento da boca, prejudicando a cicatrização. Existe, ainda, a presença de enzimas digestivas que danificam a camada superficial dos lábios.\n\n**Evite hábitos e utilize os dermocosméticos certos**\n\n![](https://res.cloudinary.com/maceladourada/image/upload/v1617974612/retrato-de-mulher-branca-fazendo-dela-diariamente-skincare-rotina_53876-24758_fjau1w.jpg)\n\nSegundo especialistas, o envelhecimento cutâneo acontece por motivos internos e externos que levam à diminuição das fibras de colágeno e elastina. Isso favorece o surgimento das linhas de expressão.\n\nPara evitar isso, devemos mudar os hábitos: ter uma vida saudável, evitar exposição solar, poluição, tabagismo além de ingerir a quantidade certa de líquido ao longo do dia, bem como ingerir alimentos antioxidantes que são aliados contra as rugas.\n\nOs dermatologistas afirmam que “a aplicação de dermocosméticos com hidratantes potentes, como o ácido hialurônico; e ativos que estimulam a produção de colágeno e protejam do estresse oxidativo - como a vitamina C, o resveratrol, e os derivados do ácido retinóico - podem ser aplicados ao redor dos lábios para auxiliar na prevenção e tratamento das rugas”.\n\nDescamação, surgimento de linhas finas, irregularidades e perda de volume são as consequências visíveis. A prevenção é a melhor maneira de evitá-las. O hidratante labial é um grande aliado, principalmente os com FPS.\n\n**Biosil**\n\nOutra forma de começar a prevenção de dentro para fora é o uso de [BioSil™](https://maceladourada.com.br/biosil-520-mg-30-capsulas): ele é um silício orgânico que estimula a produção do colágeno pelo próprio corpo, aumentando suas fibras e proporcionando pele firme, linhas finas, sem rugas e com maior elasticidade. Basta 1 cápsula por dia!\n\n**Onde Encontrar**\n\nA fórmula magistral do [Biosil](https://maceladourada.com.br/biosil-520-mg-30-capsulas) você encontra na [Macela Dourada.](https://maceladourada.com.br/)\n\nGostou do post? [Entre em contato pelo whatsapp ](https://linklist.bio/mcdlojas)para tirar suas dúvidas e nos enviar sugestões.\n\n[Clique aqui para acessar nossa Loja Virtual](https://maceladourada.com.br/)\n\nVeja também: [Como prevenir o envelhecimento precoce da pele](https://maceladourada.com.br/como-prevenir-o-envelhecimento-precoce-da-pele)\n\nFontes: \n\ndermaclub.com.br\n\nbiosilbrasil.com.br\n\nlojaadcos.com.br"
}
