{
  "date": "2021-03-04T19:45:34.830Z",
  "title": "Como acelerar o metabolismo para emagrecer rápido\t",
  "thumbnail": "https://res.cloudinary.com/maceladourada/image/upload/v1617974570/acelerar-metabolismo-1-_vmt9ev.png",
  "body": "![](https://res.cloudinary.com/maceladourada/image/upload/v1617974570/acelerar-metabolismo-1-_vmt9ev.png)\n\nHoje em dia, a busca pelo corpo ideal é um desejo de praticamente todas as pessoas. Muitos se preocupam apenas com o peso e não consideram a composição corporal.\n\nEssa medida mostra o percentual de diferentes componentes corporais em relação à massa corporal. Isso é importante para saber se a distribuição de gordura estarem em patamares adequados.\n\nO excesso de gordura tem relação direta com o aumento do risco para problemas cardiovasculares, principalmente doenças coronarianas, diabetes do tipo 2, osteoartrite e até alguns tipos de câncer.\n\nTodos os hábitos de vida e as medidas terapêuticas devem sempre caminhar juntos, de forma a alcançar o corpo ideal valorizados pela vida moderna e de forma prioritária valorizar, sobretudo, a saúde e bem estar.\n\nAliado aos hábitos que envolvem a alimentação, sono, hidratação e atividade física, os fitoativos podem contribuir com o controle do peso.\n\nAqui se destacam os termogênicos, que estimulam o metabolismo para aumentar o gasto energético e queima de gorduras.\n\nEstas ações ocorrem direta ou indiretamente por estimulação do sistema nervoso autônomo simpático, de fundamental importância na regulação do metabolismo energético.\n\n**Quem pode utilizar os termogênicos**\n\nOs termogênicos são perfeitos para quem possui metabolismo lento, que não ingerem alimentos altamente calóricos e mesmo assim têm dificuldade na perda de peso.\n\nEssa lentidão é causada por aspectos genéticos, hormonais, hábitos de vida ou ainda por doenças ou medicamentos específicos.\n\nOutras indicações dos termogênicos são voltadas aos praticantes de atividade física, para o metabolismo frente aos exercícios e treino físico.\n\n**Greenselect Phytosome**\n\nGreenselect Phytosome® é um fitoativo patenteado a base de catequinas, enriquecido com altas concentrações de galato de epigalocatequina e descafeinado, para prevenção e tratamento da obesidade e suas comorbidades.\n\nPhytosome® é uma tecnologia patenteada e desenvolvida com fosfolipídeos (como a fosfatidilcolina), formulado para otimizar parâmetros farmacocinéticos, como o aumento da absorção e da biodisponibilidade de fitoativos, quando administrados por via oral e consequentemente, de parâmetros farmacodinâmicos, com uma ação terapêutica mais efetiva (Amin, T., Bhat, S.V. 2012 e Bhattacharya, S. Phytosomes. 2009).\n\n![](https://res.cloudinary.com/maceladourada/image/upload/v1617974589/greenselect-phytosome_ctovyc.jpg)\n\n**Benefícios do Greenselect®**\n\n* 60% de catequinas e 40% GEGC\n* Sem Cafeína\n* Estudos clínicos comprovam sua eficácia\n* Tecnologia patenteada Phytosome®\n\n**Por que descafeinado?**\n\nGreenselect Phytosome® é desprovido das ações estimulatórias centrais e periféricas da cafeína, o que é importante para indivíduos mais sensíveis à substância e portadores de doenças cardiovasculares.\n\n**Onde encontrar**\n\nA fórmula magistral desse ativo você encontra na [Macela Dourada.](https://maceladourada.com.br/)\n\nGostou do post? [Clique aqu](https://linklist.bio/mcdlojas)i e entre em contato pelo [whatsapp](https://linklist.bio/mcdlojas) para tirar suas dúvidas e nos enviar sugestões.\n\n[Clique aqui para acessar nossa Loja Virtual](https://maceladourada.com.br/)\n\nfonte: florien.com.br/",
  "sections": [
    {
      "type": "page-title",
      "title": "Como acelerar o metabolismo para emagrecer rápido\t",
      "description": "Hoje em dia, a busca pelo corpo ideal é um desejo de praticamente todas as pessoas. Muitos se preocupam apenas com o peso e não consideram a composição corporal."
    },
    {
      "type": "blog-post",
      "enabled": true
    },
    {
      "type": "collection-shelf",
      "shuffle": true,
      "limit": 12,
      "page": 1,
      "collection_id": "6035d62c9332dd6865dcc761:categories:Emagrecedores:/emagrecedores"
    }
  ],
  "description": "Hoje em dia, a busca pelo corpo ideal é um desejo de praticamente todas as pessoas. Muitos se preocupam apenas com o peso e não consideram a composição corporal...."
}