{
  "date": "2021-03-09T18:07:42.243Z",
  "title": "Como ter o corpo perfeito para o verão\t",
  "thumbnail": "https://res.cloudinary.com/maceladourada/image/upload/v1617974580/corpo-perfeito_etxzxp.png",
  "description": "O projeto verão 2019 está a todo vapor! Nesse período de férias é comum ver praias e piscinas lotadas. Isso faz com que a busca pelo corpo...",
  "body": "![](https://res.cloudinary.com/maceladourada/image/upload/v1617974580/corpo-perfeito_etxzxp.png)\n\nO projeto verão 2019 está a todo vapor! Nesse período de férias é comum ver praias e piscinas lotadas. Isso faz com que a busca pelo corpo ideal se intensifique ainda mais.\n\nVale lembrar que os cuidados com a saúde e com o corpo devem durar o ano todo.\n\nAinda dá tempo de adotar alguns hábitos para garantir a boa forma e ter o corpo perfeito para o verão.\n\n**Veja 5 dicas de como ter o corpo perfeito para o verão:**\n\n**Atividades Físicas**\n\nInvista bastante em exercícios aeróbicos, pois gastam mais calorias. Na musculação, busque exercícios mais focados na região em que queira melhores resultados, como o abdômen.\n\n**Cuide da alimentação**\n\nAumente o consumo de frutas e vegetais, seguindo aquela regra, descascar mais e desembalar menos, sempre preferindo alimentos integrais com proteínas e baixo teor de gordura.\n\nNão esqueça de se hidratar sempre. Beba pelo menos 2 litros de água por dia.\n\n**Estabeleça Metas**\n\nAntes de iniciar uma dieta, defina um objetivo concreto, se é perder peso, ganhar massa muscular, combater a flacidez, etc. É com base nos objetivos definidos que conseguimos definir as atividades que devem ser realizadas a fim de atingir o corpo ideal!\n\n**Durma bem**\n\nTer boas noites de sono é essencial para manter o metabolismo funcionando corretamente. Dormir bem ajudar a manter o tônus muscular, evitar o acúmulo de gordura e melhorar o desempenho físico. [Veja 7 benefícios de um sono de qualidade.](https://maceladourada.com.br/7-beneficios-de-um-sono-de-qualidade)\n\n**Ajude seu organismo com os suplementos certos**\n\nExistem diversos produtos naturais que contribuem beneficamente no processo de emagrecimento, como Lowat® e Sinetrol®. Eles são produzidos a partir das plantas *Piper Betle e Dolichos Biflorus.*\n\n**Lowat®** tem a capacidade de diminuir a sensação de fome através da inibição do hormônio grelina, contribuindo  para a redução do consumo de calorias durante o dia, assim como aumentar a lipólise, acelerando o processo de quebra de gordura.\n\n**Ações:**\n\n* Redução de gordura corporal e IMC\n* Prevenção de diabetes tipo II\n* Manutenção da saúde cardiovascular\n* Coadjuvante na redução de peso\n* Produto padronizado e patenteado\n* Aumenta o metabolismo corporal\n* Diminui os níveis de grelina, o hormônio da fome\n\nJá o **Sinetrol®**, um produto derivado de frutas cítricas rico em cafeína natural, além de aumentar a queima de gordura, contribuindo para a redução de medidas. Tem ação termogênica, aumentando o gasto da energia basal.\n\nSegundo estudos clínicos, não foram observados efeitos colaterais no consumo do **Sinetrol®**, o que comprova sua segurança. Confira a tabela comparativa entre o grupo de placebo e o grupo que utilizou Sinetrol:\n\n![](https://res.cloudinary.com/maceladourada/image/upload/v1617974603/pasted-image-0-1-_mo7y5l.png)\n\nEsse teste foi realizado com 95 indivíduos com sobrepeso orientados ao consumo de uma dieta normocalórica e a praticar 30 minutos de atividade física diariamente.\n\nOs resultados evidenciaram redução dos seguintes parâmetros: peso, medidas de circunferência da cintura e quadril, gordura corporal, além de melhoras no perfil inflamatório e oxidativo, e redução da glicemia.\n\n[Veja como emagrecer com produtos naturais](https://maceladourada.com.br/como-emagrecer-com-produtos-naturais)\n\n**Onde encontrar**\n\nA fórmula magistral desses ativos você encontra na [Macela Dourada.](https://maceladourada.com.br/)\n\nGostou do post? [Clique aqui](https://linklist.bio/mcdlojas) e entre em contato pelo [whatsapp](https://linklist.bio/mcdlojas) para tirar suas dúvidas e nos enviar sugestões.\n\n[Clique aqui para acessar nossa Loja Virtual](https://maceladourada.com.br/)\n\nfonte: florien.com.br/",
  "sections": [
    {
      "type": "page-title",
      "title": "Como ter o corpo perfeito para o verão\t",
      "description": "O projeto verão 2019 está a todo vapor! Nesse período de férias é comum ver praias e piscinas lotadas. Isso faz com que a busca pelo corpo ideal se intensifique ainda mais."
    },
    {
      "type": "blog-post",
      "enabled": true
    }
  ]
}
