{
  "date": "2021-03-24T01:10:10.538Z",
  "title": "Como fazer umectação capilar: 5 dicas essenciais para essa técnica\t",
  "thumbnail": "https://res.cloudinary.com/maceladourada/image/upload/v1617974619/umectacao-capilar-1-_qnb07s.png",
  "description": "Quando nossos cabelos estão muito ressecados, pode ser que apenas a hidratação não seja eficiente para...",
  "body": "![](https://res.cloudinary.com/maceladourada/image/upload/v1617974619/umectacao-capilar-1-_qnb07s.png)\n\nQuando nossos cabelos estão muito ressecados, pode ser que apenas a hidratação não seja eficiente para trazer de volta o brilho e a vitalidade. Nesses casos, é comum aliarmos esse tratamento com outros, para potencializar os resultados.\n\nA umectação é muito indicada nesses casos e, por isso, vamos ver algumas dicas de como fazer umectação capilar.\n\nEssa técnica tem feito cada vez mais sucesso com mulheres com madeixas muito ressecadas, uma vez que promove uma hidratação e nutrição profunda dos fios. O resultado serão cabelos mais brilhosos, com menos frizz e sem as indesejadas pontas duplas.\n\nMas se você não sabe o que é nem como fazer umectação, não se preocupe, pois vamos explicar tudo aqui.\n\n**O que é e qual a importância da umectação capilar?**\n\nA umectação capilar é um tratamento feito à base de óleos vegetais. É comum que, ao falarmos de colocar óleo nos cabelos, as pessoas se assustem. Acontece que nossos cabelos têm uma oleosidade natural que é importante para sua saúde.\n\nEssa camada de gordura forma uma espécie de proteção contra a ação de agentes externos como o sol, vento e poluição. Quando perdemos essa camada protetora, a fibra capilar se torna mais vulnerável à ação desses agentes, enfraquecendo e ressecando os cabelos.\n\nO objetivo ao aprender como fazer umectação é, portanto, devolver parte dessa oleosidade que foi perdida, de modo a fazer com que nossas madeixas fiquem mais fortes e nutridas.\n\nDessa forma, é possível combater o ressecamento em excesso de forma eficaz, além de inibir suas consequências, como o frizz e as pontas duplas. A umectação também é importante para fazer com que os cabelos quebrem com menos frequência.\n\n**Que tipos de cabelos podem fazer essa técnica?**\n\nEsse procedimento pode ser realizado em qualquer cabelo, principalmente nos secos e ressecados. É especialmente indicado para aquelas que sentem que seus fios estejam muito danificados.\n\nNa internet há muitas informações acerca de como fazer umectação em cabelos cacheados, o que faz muitas pessoas acreditarem que somente esse tipo de fio pode se beneficiar com a técnica.\n\nNo entanto, a umectação pode ser feita em qualquer tipo de cabelo, sem restrições. Basta avaliar se suas madeixas poderiam se beneficiar de uma nutrição extra e decidir o modo de fazer o procedimento que mais seja do seu agrado.\n\n**Como fazer umectação capilar? 5 dicas essenciais**\n\nO óleo utilizado para a umectação deve ser de origem vegetal. Ele pode ser aplicado sozinho ou em conjunto com outros cremes e máscaras. Há diversas receitas diferentes de umectação disponíveis, basta escolher a sua preferida e mãos à obra.\n\n**01 - Na umectação tradicional, respeite o tempo de ação**\n\nO modo mais tradicional de fazer a umectação é aplicando o óleo diretamente nos cabelos, sem que seja necessário respeitar certa distância da raiz.\n\nCaso você decida optar por esse método, é importante esperar duas horas para que o óleo possa agir nas suas madeixas.\n\nEsse é o tempo que o produto precisa para devolver o brilho e remover os indesejados frizz dos cabelos extremamente danificados. Parece muito tempo, mas lembre-se que esse é um produto natural, sem químicas.\n\n**02 - Umectação noturna também é uma solução**\n\nVocê sabe como umectar a noite? Basta aplicar o óleo e dormir com ele em suas madeixas, usando um tecido para proteger o travesseiro.\n\nEnluve mecha por mecha e prenda os fios em um tecido de algodão, o que também auxiliará a combater o frizz que pode ser causado pela fricção com o travesseiro.\n\n**03 - Com dificuldade em retirar a umectação? Utilize um co-wash**\n\nMuitas vezes utilizar um shampoo forte para retirar a umectação pode ressecar o cabelo e fazer com que toda a hidratação tenha sido em vão.\n\nPara evitar que isso aconteça, aplique um co-wash 30 minutinhos antes de lavar o cabelo, dessa forma o óleo irá sair de maneira muito mais fácil.\n\n**04 - Esquente o óleo**\n\nAlguns óleos podem ser mais densos que outros e, dessa forma, se tornam mais difíceis de serem espalhados nas madeixas. Nesses casos, você pode escolher por esquentar um pouco o óleo, tornando-o mais maleável e fácil de ser aplicado.\n\nBasta aplicar mecha por mecha e deixar agir normalmente, seguindo o procedimento de umectação.\n\n**05 - Pode misturar com a máscara hidratante**\n\nGrande parte dos procedimentos de como fazer umectação trazem receitas para usar o óleo isoladamente. No entanto, ele pode ser acrescentado na sua rotina de cuidados, em conjunto com sua máscara de hidratação preferida.\n\nHá pessoas que preferem esse método por acreditar que as madeixas ficam ainda mais brilhosas e hidratadas.\n\nExistem muitas fórmulas de como fazer umectação. Tire algum tempo para testar todas e escolher a sua preferida, e acrescente essa técnica na sua rotina de cuidados cada vez que sentir que suas madeixas estão muito ressecadas.\n\nE por falar em óleo, separei alguns **óleos essenciais para sua rotina de umectação:**\n\n![](https://res.cloudinary.com/maceladourada/image/upload/v1617974615/umectacao-capilar-oleos_o4lflu.jpg)\n\n**Óleo de Coco**\n\nAlém de dar brilho e deixar os fios macios, o óleo de coco consegue penetrar na fibra capilar, devolvendo os nutrientes que as madeixas precisam para fugir do aspecto ressecado! \n\nMuito utilizado em cabelos cacheados e crespos, mas pode ser utilizado em qualquer tipo de cabelo.\n\n[Clique aqui para adquirir](https://maceladourada.com.br/oleo-de-coco-virgem-organico-250ml)\n\n**Óleo Vegetal de Jojoba**\n\nO óleo de jojoba é rico em vitaminas e não só nutre os fios, como estimula o seu crescimento.\n\nPor conta da sua textura mais densa, o óleo de jojoba faz uma limpeza mais profunda na raiz e no comprimento. Além disso, ele tem propriedades antissépticas, que minimizam a oleosidade e previnem o surgimento das caspas.\n\n[Clique aqui para adquirir](https://maceladourada.com.br/oleo-vegetal-de-jojoba-wnf-20ml)\n\n[](https://maceladourada.com.br/oleo-vegetal-de-jojoba-wnf-20ml)**Óleo Vegetal de Abacate**\n\nO Óleo de abacate é um hidratante eficaz para cabelos secos, quebradiços, danificados. É um óleo perfeito para manter o cabelo saudável, composto como as vitaminas A, B, D, e E.\n\nEle também tem proteínas, aminoácidos, ferro, cobre, magnésio, e ácido fólico. Todos os nutrientes que o tornam ideal para prevenir e reparar danos no cabelo.\n\n[Clique aqui para adquirir](https://maceladourada.com.br/oleo-vegetal-de-abacate-wnf-50ml)\n\n**Óleo Vegetal de Semente de Uva**\n\nO óleo vegetal de semente de uva tem alto teor de vitamina E, não é oleoso e não tem cheiro. Previne a queda capilar, a caspa e pode ser utilizado em qualquer tipo de cabelo.\n\n[Clique aqui para adquirir](https://maceladourada.com.br/oleo-vegetal-de-semente-de-uva-wnf-50ml)\n\n[](https://maceladourada.com.br/oleo-vegetal-de-semente-de-uva-wnf-50ml)**Óleo de Argan**\n\nO óleo de argan deixa os cabelos muito bem hidratados e com brilho intenso, ele hidrata e sela as cutículas dos fios, dando o aspecto de cabelo saudável para os fios mais danificados e quebradiços.\n\nEle combate o frizz, dá brilho luminoso, fortalece e protege os fios, além de renovar o cabelo dos danos causados pelo calor, vento, oxidação ou excesso de escova e química.\n\n**Onde encontrar**\n\nOs [óleos vegetais ](https://maceladourada.com.br/oleos-vegetais)utilizar na umectação capilar você encontra na [Macela Dourada!](https://maceladourada.com.br/)\n\n[Clique aqui para adquirir! ](https://maceladourada.com.br/oleos-vegetais)\n\nGostou do post? Entre em contato pelo [WhatsApp](https://linklist.bio/mcdlojas) para tirar dúvidas e nos enviar sugestões.\n\nFonte: cabelo.com.br",
  "sections": [
    {
      "type": "page-title",
      "title": "Como fazer umectação capilar: 5 dicas essenciais para essa técnica\t",
      "description": "Quando nossos cabelos estão muito ressecados, pode ser que apenas a hidratação não seja eficiente para trazer de volta o brilho e a vitalidade."
    },
    {
      "type": "blog-post",
      "enabled": true
    },
    {
      "type": "collection-shelf",
      "shuffle": true,
      "limit": 12,
      "page": 1,
      "collection_id": "605cdb60a46e555927c52b64:categories:Cabelos:/loja-virtual-cabelos"
    }
  ]
}