{
  "date": "2021-03-24T02:07:49.523Z",
  "title": "Como tratar os sinais de envelhecimento da pele\t",
  "thumbnail": "https://res.cloudinary.com/maceladourada/image/upload/v1617974614/sinais-de-envelhecimento_f2msdq.png",
  "description": "Os sinais de envelhecimento da pele podem aparecer por causa da radiação solar, poluição sem proteção, falta de...",
  "body": "![](https://res.cloudinary.com/maceladourada/image/upload/v1617974614/sinais-de-envelhecimento_f2msdq.png)\n\nOs sinais de envelhecimento da pele podem aparecer por causa da radiação solar, poluição sem proteção, falta de hidratação ou até mesmo devido à privação do sono. \n\n**Quais as causas do envelhecimento da pele?**\n\nExistem fatores que contribuem para o envelhecimento da pele com o passar do tempo, que refletem na nossa saúde interior são eles:\n\n* **Genética:** Com o tempo, as células vão perdendo sua capacidade de se replicar. Este fenômeno é causado por danos no DNA decorrentes da radiação UV, de toxinas ou da deterioração relacionada à idade. Através disso sinais de envelhecimento começam a surgir.\n* **Hormônios:** Ao longo dos anos há diminuição no nível dos hormônios sexuais, como estrogênio e testosterona, e dos hormônios do crescimento. Diminuindo os níveis hormonais com o envelhecimento, acelera-se a deterioração da pele.\n* **Estresse oxidativo:** Ele altera os ciclos de renovação celular, causa danos ao DNA desencadeiam doenças inflamatórias ou reações alérgicas na pele. Além disso, com a diminuição do sistema imunológico causada pelo envelhecimento, pele não consegue afastar o estresse ou as infecções que podem prejudicar sua saúde.\n* **Níveis elevados de açúcar no sangue e glicação:** A exposição crônica à glicose pode afetar a idade do corpo por um processo chamado de glicação. A consequência principal desse processo é o estresse oxidativo celular, tendo como consequência o envelhecimento precoce.\n\nExistem ainda fatores externos que contribuem para o envelhecimento da pele, relacionado ao estilo de vida, o estresse fisiológico e físico, são eles:\n\n* **Radiação solar:** Atua na pele causando desde queimaduras até fotoenvelhecimento e aparecimento de câncer da pele. Várias alterações de pigmentação da pele são provocadas pela exposição solar, como manchas, pintas e sardas.\n* **Tabaco:** Fumantes possuem marcas acentuadas de envelhecimento na pele, pois há perda de elasticidade cutânea. Além disso, o fumo reduz o fluxo sanguíneo da pele, dificultando a oxigenação dos tecidos. Isso contribui para o envelhecimento precoce e formação de rugas, bem como o surgimento de rugas acentuadas ao redor da boca.\n* **Álcool:** Altera a produção de enzimas e estimula a formação de radicais livres, que causam o envelhecimento. A exceção à regra é o vinho tinto que, se consumido moderadamente, tem ação anti radicais livres, pois é rico em flavonoides e em resveratrol, potentes antioxidantes;\n* **Movimentos musculares:** Movimentos repetitivos e contínuos de alguns músculos da face aprofundam as rugas, causando as chamadas marcas de expressão, como as rugas ao redor dos olhos.\n* **Radicais livres:** São uns dos maiores causadores do envelhecimento cutâneo. Eles se formam dentro das células pela exposição aos raios ultravioleta, poluição, estresse, etc. Acredita-se que os radicais livres provocam a degradação do colágeno (substância que dá sustentação à pele) e a acumulação de elastina, que é uma característica da pele fotoenvelhecida.\n* **Bronzeamento artificial:** A Sociedade Brasileira de Dermatologia condena formalmente o bronzeamento artificial que pode causar o envelhecimento precoce da pele (rugas e manchas) e a formação de câncer da pele.\n* **Alimentação:** Uma dieta não balanceada contribui para o envelhecimento da pele. Existem elementos que são essenciais e devem ser ingeridos para repor perdas ou para suprir necessidades. O excesso de açúcar também “auxilia” a pele a envelhecer mais depressa, como já foi dito anteriormente.\n\n**Como tratar e prevenir os sinais de envelhecimento da pele**\n\n![](https://res.cloudinary.com/maceladourada/image/upload/v1617974584/envelhecimento-da-pele2_vih8k7.png)\n\nPara diminuir os efeitos do envelhecimento da pele, utilize produtos com vitamina C, E, ácido ferúlico e resveratrol. Esses são ativos aliados no tratamento e prevenção do envelhecimento por combater os radicais livres.\n\n**Antioxidantes**\n\nOs antioxidantes são indispensáveis no tratamento de envelhecimento da pele, pois minimizam rugas, linhas de expressão e flacidez, além de protegerem contra os agentes externos (poluição e radiação) e aumentarem a defesa do organismo contra os radicais livres, evitando danos na pele.\n\nAlém disso, os antioxidantes, se utilizados em conjunto com o filtro solar, potencializam a proteção, diminuindo o impacto da radiação na pele.\n\n**Colágeno**\n\nO colágeno é responsável por manter a estrutura, firmeza e elasticidade da pele.  A falta de colágeno pode ocasionar flacidez e o surgimento de rugas e linhas finas. A reposição de colágeno é um grande aliado da saúde e beleza.\n\nVeja: [Quais os tipos de colágeno e para que servem](https://maceladourada.com.br/tipos-de-colageno-quais-sao-eles-e-para-que-servem)\n\n**Ácido Hialurônico**\n\nÁcido hialurônico é um aliado de peso na manutenção de uma pele bem hidratada, firme e saudável. Possui a capacidade de reter água e combater a desidratação cutânea, o ácido hialurônico exibe efeito antioxidante.\n\nVeja: [Os benefícios do ácido hialurônico na sua pele](https://maceladourada.com.br/os-beneficios-do-acido-hialuronico-na-sua-pele)\n\n**Beber água**\n\nBeber no mínimo dois litros de água por dia, pois ela hidrata o organismo e facilita a eliminação de toxinas que contribuem para o envelhecimento da pele.\n\n**Limpeza da pele**\n\nLimpar a pele duas vezes ao dia, pela manhã e à noite. O acúmulo dos resíduos de suor, da poluição, da maquiagem e de outras substâncias provoca a obstrução dos poros e o surgimento de rugas.\n\nUsar sempre um demaquilante e jamais dormir sem remover a maquiagem. Demaquilantes são mais eficazes que os sabonetes para retirar a maquiagem.\n\nO hábito de dormir maquiada obstrui os poros e impede a pele de respirar, o que provoca oleosidade e envelhecimento precoce.\n\n**Cuide da alimentação**\n\nTer uma dieta balanceada contribui para evitar o envelhecimento da pele. Existem elementos que são essenciais e devem ser ingeridos para repor as perdas ou suprir as necessidades quando o organismo não produz quantidade diária suficiente.\n\nEvitar o excesso de açúcar também contribui para evitar o envelhecimento.\n\n**Evite exposição ao sol**\n\nA exposição solar tem um papel importante no envelhecimento precoce, principalmente no fotoenvelhecimento. Por isso, usar filtro e evitar o sol entre às 10h e às 16h deve ser hábito diário, em dias de sol e de chuva, pois a emissão de raios UV é constante.\n\nAlém disso, pode-se investir em acessórios como bonés, óculos e chapéus para complementar a proteção.\n\nMesmo pessoas que já tenham sinais de envelhecimento prematuro na pele podem se beneficiar ao mudar o estilo de vida. Ao proteger a pele do sol, há uma chance de reparar alguns danos.\n\nGostou do post? Entre em contato pelo [WhatsApp](https://linklist.bio/mcdlojas) para tirar dúvidas e nos enviar sugestões.\n\n[Clique aqui para acessar nossa Loja Virtual!](https://maceladourada.com.br/pele)\n\n[](https://maceladourada.com.br/pele)Fonte:\n\ndermaclub.com.br\n\nsbd.org.br",
  "sections": [
    {
      "type": "page-title",
      "title": "Como tratar os sinais de envelhecimento da pele",
      "description": "Os sinais de envelhecimento da pele podem aparecer por causa da radiação solar, poluição sem proteção, falta de hidratação ou até mesmo devido à privação do sono."
    },
    {
      "type": "blog-post",
      "enabled": true
    }
  ]
}
