{
  "date": "2021-03-04T18:59:54.364Z",
  "title": "Como conseguir cabelos longos ondulados\t",
  "thumbnail": "https://res.cloudinary.com/maceladourada/image/upload/v1617974570/como-conseguir-cabelos-longos-ondulados-1-_ufzhxn.png",
  "body": "![](https://res.cloudinary.com/maceladourada/image/upload/v1617974570/como-conseguir-cabelos-longos-ondulados-1-_ufzhxn.png)\n\nPor serem lindos, cheios de balanço e terem uma aparência bem natural e despojada, muitas mulheres amam os fios com ondas.\n\nUm cabelo sereia, bem cuidado e cheio de vida, chama atenção por onde passa!\n\nO cabelo sereia é aquele com os fios longos, cheio de ondas e que têm aquele ar de praia, com um efeito bem dourado.\n\nDiferente dos fios lisos e cacheados, que costumam ter apenas uma textura, os fios ondulados apresentam duas curvaturas: começam mais lisos e formam ondas e até cachos do meio até as pontas.\n\nE é justamente isso que pode fazer com que seja um pouco mais difícil deixar o cabelo ondulado e cuidar dele adequadamente.\n\nVeja alguns truques e dicas para  conseguir conquistar o seu ondulado dos sonhos!\n\n**Como conseguir cabelos longos e saudáveis**\n\nCabelos com pontas ressecadas tendem a quebrar. Isso interfere no crescimento da raiz, pois na mesma medida que ele cresce, ele quebra.\n\nLogo, se você deseja um cabelo longo e saudável, a primeira dica é cortá-lo a cada três meses.\n\nAlém disso, algumas medidas podem auxiliar no crescimento do cabelo, como massagem no couro cabeludo, uma dieta balanceada, ou [produtos que auxiliam no fortalecimento do cabelo.](https://maceladourada.com.br/cabelo)\n\n**Como deixar o cabelo ondulado**\n\nO segredo para conseguir o ondulado perfeito está em dois tipos de produtos: o mousse e o spray texturizador. Por terem uma textura mais leve, eles não pesam nos fios e modelam com facilidade. Para modelar, você pode experimentar:\n\n**Coque alto:** O ideal é que você durma com o cabelo preso no coque ou, se não puder, deixe-o preso por pelo menos 3 horas. Passe o mousse ou o texturizador, faça o coque e, quando soltar, desembarace os fios com os dedos.\n\n**Dedinho:** Também conhecida como dedoliss, essa técnica já é bastante utilizada pelas cacheadas pelo seu poder de definição das mechas. Use o mousse ou o texturizador no cabelo seco, separe o cabelo em mechas, enrole-as nos dedos e prenda cada uma delas com um grampo. Espere 2h para soltar.\n\n**Tranças:** Use o texturizador ou mousse e faça a trança antes de dormir. No dia seguinte, é só soltar e reaplicar o produto, amassando o cabelo e potencializando as ondas. Espere secar naturalmente ou use um secador. Desmanche as tranças quando os fios estiverem secos.\n\n**Cuidados com a coloração**\n\nÉ recomendável buscar orientação de um profissional ao investir na colocação. A combinação de água oxigenada + pó descolorante pode causar estragos nos fios. Certifique-se da qualidade dos produtos que serão utilizados!\n\nO pós-coloração também necessita de atenção. Por ser um procedimento agressivo, os fios perdem muito das suas propriedades naturais, com água, lipídios e queratina. Esses fatores aliados ao verão exigem ainda mais cuidados.\n\nA dica é investir em um cronograma capilar. Isso vai garantir que seu cabelo tenha tudo que precisa para continuar lindo, forte e brilhoso!\n\nManter fios longos e ondulados se torna mais fácil depois que você passa a cuidá-los da maneira certa. É garantia de um cabelo sereia impecável pro verão!\n\n![](https://res.cloudinary.com/maceladourada/image/upload/v1617974579/amo-sol-1-_kdskxc.png)\n\nA Família [Yenzah Amo So](https://maceladourada.com.br/search?q=amo+sol&x=0&y=0)l é ideal para praia e piscina. Cuida dos cabelos nos momentos de lazer que estão entre os preferidos das brasileiras e protege os fios do sol e das agressões dos dias quentes.\n\nO [Yenzah Praia Spray Amo Sol](https://maceladourada.com.br/search?q=amo+sol&x=0&y=0) é um texturizador, ajuda a dar o volume desejado e promove um penteado bem praiano\n\n**Resultado:**\n\n* Em cabelos lisos: forma leves ondas com efeito surf;\n* Em cabelos ondulados: ondulado perfeito (define o ondulado);\n* Em cabelos cacheados e crespos: modela e proporciona volume.\n* Gostou do post?[ Clique aqui](https://linklist.bio/mcdlojas) e entre em contato pelo [whatsapp](https://linklist.bio/mcdlojas) para tirar suas dúvidas e nos enviar sugestões.\n\n[Clique aqui para acessar nossa Loja Virtual](https://maceladourada.com.br/)\n\n[](https://maceladourada.com.br/)fonte: cabelo.com.br",
  "sections": [
    {
      "type": "page-title",
      "title": "Como conseguir cabelos longos ondulados\t",
      "description": "Por serem lindos, cheios de balanço e terem uma aparência bem natural e despojada, muitas mulheres amam os fios com ondas."
    },
    {
      "type": "blog-post",
      "enabled": true
    }
  ],
  "description": "Por serem lindos, cheios de balanço e terem uma aparência bem natural e despojada, muitas mulheres amam os fios com ondas..."
}
