{
  "date": "2021-03-09T20:16:02.311Z",
  "title": "Como prevenir o envelhecimento dos cabelos\t",
  "thumbnail": "https://res.cloudinary.com/maceladourada/image/upload/v1617974571/como-prevenir-o-envelhecimento-dos-cabelos-de-colagenos-1-_pm6rv7.png",
  "description": "Os cabelos, assim como a pele, envelhecem com o tempo e, dependendo dos fatores genéticos, o envelhecimento capilar...",
  "body": "![](https://res.cloudinary.com/maceladourada/image/upload/v1617974571/como-prevenir-o-envelhecimento-dos-cabelos-de-colagenos-1-_pm6rv7.png)\n\nOs cabelos, assim como a pele, envelhecem com o tempo e, dependendo dos fatores genéticos, o envelhecimento capilar pode ocorrer de forma precoce.\n\nO processo de envelhecimento se caracteriza por dois fenômenos: a redução da densidade dos fios, com diminuição de sua espessura, e a perda de sua cor natural, que leva aos cabelos brancos.\n\n**Mas então, o que é envelhecimento capilar?**\n\nAssim como a pele, os cabelos também envelhecem e, infelizmente, é impossível parar esse processo. Com o passar dos anos, o folículo piloso, que produz o fio, envelhece e os fios nascem mais curtos e também menos espessos.\n\nAlguns estudos da área apontam que o que acontece é uma diminuição da fase anágena, período que corresponde ao crescimento ativo do cabelo,  fazendo com que a “morte” do fio chegue mais rápido.\n\nO resultado são fios mais finos, curtos e muito mais frágeis, na maioria dos casos, mas também há aqueles em que os fios podem ficar mais grossos e ressecados. Mas, uma coisa é fato: o seu cabelo vai mudar com o passar do tempo!\n\n**Causas do envelhecimento capilar**\n\nAlém do passar dos anos, alguns fatores podem causar o envelhecimento dos fios. A genética é um deles: observe o cabelo dos seus pais, eles podem dar uma noção bem clara de quando esperar o surgimento de fios brancos e mais ralos.\n\nCaso não haja nenhum caso de envelhecimento capilar precoce na família, a idade em que os cabelos começam a envelhecer é em torno dos 40 anos.\n\nQuestões hormonais influenciam muito na saúde dos fios, ou seja, a menopausa também contribuem para o envelhecimento.\n\n**Como identificar os sinais do envelhecimento**\n\n* **Fios brancos:** a ausência de melanina não poderia ficar de fora da nossa listinha de “sintomas”. Ela é, de fato, um dos primeiros sinais visuais do envelhecimento, portanto, se você já percebe alguns fios claros na cabeça, é sinal de que o processo de envelhecimento já começou;\n* **Menos brilho e vitalidade:** as pontas costumam ser as que mais sofrem! O cabelo pode mudar de textura quando for envelhecendo e as cutículas diminuem de tamanho, dando um visual opaco para as madeixas;\n* **Fragilidade e indisciplina:** justamente pela diminuição das cutículas, que protegem o cabelo das agressões externas, o fio fica desprotegido, perdendo bastante massa capilar e resultando em fio fracos e propensos à quebra;\n* **Aspereza e ressecamento:** com escamas menores, os produtos utilizados não se fixam corretamente nos fios (o mesmo vale para a coloração).\n\n**Como retardar o envelhecimento capilar**\n\nSeparei algumas dicas que podem de ajudar a retardar o envelhecimento dos fios:\n\n**Evite o excesso de químicas**\n\nMesmo que o processo de envelhecimento se dê de dentro para fora, os processos químicos têm o poder de fragilizar o couro cabeludo, deixando mais fraco e, assim, impossibilitado de produzir fios fortes e saudáveis.\n\n**Utilize os produtos certos**\n\nEscolha o shampoo certo para o seu cabelo, e esse cuidado é ainda mais importante quando o processo de envelhecimento capilar começa. Aposte em produtos que devolvam a massa capilar perdida e que possam reverter os danos no couro cabeludo.\n\n**Aposte em suplementos vitamínicos**\n\nÉ importante que você proporcione ao couro cabeludo e ao cabelo tudo aquilo que o seu organismo já não produz mais. Uma boa maneira de conseguir isso é através de suplementos vitamínicos, que também podem dar uma forcinha para o crescimento dos fios.\n\nEntretanto, como toda suplementação de via oral, é preciso conversar com o seu médico antes do consumo, até para que você saiba com precisão quais vitaminas deve repor.\n\n[Clique aqui e veja produtos que contribuem para a saúde dos cabelos](https://maceladourada.com.br/cabelo)\n\n**Hidratação sempre**\n\nÉ preciso fortalecer os cabelos! Por isso, aposte sempre em boas hidratações, com formulações ricas em [Pantenol-D,](https://maceladourada.com.br/search?q=pantenol&x=0&y=0) manteiga de oliva e aminoácidos.\n\nGostou do post?[ Clique aqui ](https://linklist.bio/mcdlojas)e entre em contato pelo [whatsapp](https://linklist.bio/mcdlojas) para tirar suas dúvidas e nos enviar sugestões.\n\n[Clique aqui para acessar nossa Loja Virtual](https://maceladourada.com.br/)\n\nfonte: cabelo.com.br",
  "sections": [
  ]
}
