{
  "date": "2021-03-17T01:58:27.106Z",
  "title": "Como Aumentar a Performance Mental",
  "body": "![](https://res.cloudinary.com/maceladourada/image/upload/v1617974567/como-aumentar-a-performance-mental-1-_l29jth.png)\n\nNeuravena® é o ativo ideal para turbinar a performance mental! Extrato de uma variedade específica de aveia verde silvestre, cultivada em condições controladas, plantadas no outono e colhidas um pouco antes do florescer total na primavera, ele age diretamente na melhora da concentração, desempenho da memória, aptidão mental e performance cognitiva principalmente em situações de estresse.\n\n**Mecanismo de ação de Neuravena®**\n\nNeuravena® combina dois diferentes mecanismos que melhoram a saúde mental, inibidor da monoamina-oxidase B (MAO-B) e inibidor da fosfodiesterase 4 (PDE-4), duas enzimas do sistema nervoso central (SNC) diretamente ligados à saúde mental e função cognitiva.\n\nMAO-B é uma enzima mitocondrial envolvida na degradação de aminas biogênicas, preferencialmente dopamina, feniletilamina e benzilamina. O inibidor da MAO-B promove o aumento dos níveis de dopamina que são associados a um melhor desempenho cognitivo.\n\nPDE são enzimas que hidrolisam nucleotídeos cíclicos 4, favorecendo, portanto, a melhora dos níveis de adenosina monofosfato cíclico (cAMP) importante para as funções de neurotransmissores e também para a ação vasodilatadora das artérias cerebrais.\n\n**Neuravena® na melhora do desempenho da memória a curto e longo prazo.**\n\nEstudos comprovaram que em 28 dias, Neuravena® melhorou significativamente a memória geral em 11,3%, verbal em 11,7% e visual em 7,7%.\n\nOutros estudos comprovaram que Neuravena® :\n\n**Neuravena® no gerenciamento de peso e controle da obesidade**\n\nNeuravena® previne a degradação da Dopamina, neurotransmissor que cumpre um importante papel na performance mental. Ele torna a dopamina mais disponível, fazendo com que o fluxo de informações aumente e o estado de alerta mental melhore. Além disso, Neuravena® também é capaz de inibir a MAO-B (Monoamina-oxidase B), reduzindo a degradação de dopamina e serotonina. Dessa maneira, ele se torna também um aliado no combate à obesidade, que muitas vezes está ligada à baixos níveis dessas substâncias no organismo.\n\n**Benefícios:**\n\n* Mecanismos de ação sinérgicos na melhora da saúde mental e performance cognitiva;\n* Estímulo da memória recente e tardia;\n* Contribui para a melhora do desempenho cognitivo em situações de estresse;\n* Auxílio na melhora da atenção, concentração e agilidade;\n* Contribui para o aumento da performance mental e redução do cansaço;\n* Coadjuvante no gerenciamento do peso associado à deficiência de dopamina;\n* Melhora a qualidade do sono;\n* Diminui a irritabilidade;\n* Pode ser indicado para veganos, vegetarianos e celíacos.\n\n**Neuravena é recomentado para:**\n\n* Prevenção de doenças neurodegenerativas;\n* Melhora da memória;\n* Melhora da performance mental, especialmente sob estresse;\n* Auxílio em fórmulas destinadas ao combate da obesidade;\n* Melhora da cognição e humor.\n\n<iframe width=\"100%\" height=\"315\" src=\"https://www.youtube.com/embed/omdcu29iR7M\" title=\"YouTube video player\" frameborder=\"0\" allow=\"accelerometer; autoplay; clipboard-write; encrypted-media; gyroscope; picture-in-picture\" allowfullscreen></iframe>\n\nOnde encontrar:\n\nA fórmula magistral desse ativo você encontra na [Macela Dourada.](https://maceladourada.com.br/)\n\nVeja também: [Como tratar o esgotamento físico e mental](https://maceladourada.com.br/como-tratar-o-esgotamento-fisico-e-mental)\n\nGostou do post? Entre em contato pelo para tirar suas dúvidas e nos enviar sugestões, [clique aqui.](https://linklist.bio/mcdlojas)\n\nFonte: \ngalena.com.br",
  "description": "Neuravena® é o ativo ideal para turbinar a performance mental! Extrato de uma variedade específica de aveia verde silvestre, cultiva...",
  "sections": [
    {
      "type": "page-title",
      "description": "Neuravena® é o ativo ideal para turbinar a performance mental! Extrato de uma variedade específica de aveia verde silvestre, cultivada em condições controladas...",
      "title": "Como Aumentar a Performance Mental"
    },
    {
      "type": "blog-post",
      "enabled": true
    }
  ],
  "thumbnail": "https://res.cloudinary.com/maceladourada/image/upload/v1617974567/como-aumentar-a-performance-mental-1-_l29jth.png"
}
