{
  "date": "2021-03-09T20:30:00.225Z",
  "title": "Como dar volume e força aos cabelos ralos",
  "description": "Cabelo ralo pode ser de causado por característica genética ou pela quebra e queda dos fios, devido ao enfraquecimento das mechas...",
  "thumbnail": "https://res.cloudinary.com/maceladourada/image/upload/v1617987860/menina-morena-com-longo-e-brilhante-ondulado-cabelo_to7xut_zspf3l.png",
  "body": "![](https://res.cloudinary.com/maceladourada/image/upload/v1617987860/menina-morena-com-longo-e-brilhante-ondulado-cabelo_to7xut_zspf3l.png)\n\nCabelo ralo pode ser de causado por característica genética ou pela quebra e queda dos fios, devido ao enfraquecimento das mechas.\n\nIsso passa a impressão de que a pessoa tem poucos fios, além de deixar o cabelo pouco maleável, sem muito movimento e mais oleoso.\n\nO cabelo ralo é bem comum e precisa de alguns cuidados devido a detalhes na sua estrutura.\n\nA boa notícia é que isso não te impede de conseguir o cabelão dos sonhos!\n\nÉ muito importante investigar as causas com um dermatologista, mas, se estiver tudo bem com a saúde, existem produtos e truques que amenizam e muito o problema!\n\n**As características do cabelo ralo**\n\nPara entender como cuidar do cabelo ralo, é preciso conhecer melhor esse tipo de fio. O cabelo menos espesso tem essa textura porque tem menos massa capilar, que dá corpo ao fio.\n\nA menor quantidade de queratina em algumas pessoas pode ser por um desses três motivos:\n\n* Tratamentos químicos: Procedimentos que alteram a textura do fio são bastante danosos, pois forçam a abertura das escamas do cabelo para chegarem ao córtex e, então, mudar a estrutura. Muita massa capilar também é perdida no após, caso não seja dado o tratamento adequado.\n* Envelhecimento capilar: Além dos fios brancos, o envelhecimento capilar também traz algumas outras mudanças que geram cabelos menos espessos. Algumas pesquisas sugerem que com a idade há uma diminuição na fase de crescimento do cabelo, fazendo com que a fase que corresponde à morte do fio chegue mais rápido.\n\n[Veja como prevenir o envelhecimento dos cabelos](https://maceladourada.com.br/como-prevenir-o-envelhecimento-dos-cabelos)\n\n* [](https://maceladourada.com.br/como-prevenir-o-envelhecimento-dos-cabelos)Genética: A genética desempenha um papel fundamental na definição da textura dos seus cabelos. Porém isso não quer dizer que não dá deixar os fios mais encorpados!\n\nAlém desses fatores, o cabelo ralo pode ser resultado de ações externas, como chapinha e babyliss, ou de fatores internos como a sua saúde e taxa de hormônios. Como citado anteriormente é muito importante investigar as causas com um profissional.\n\nSeparei algumas dicas para você **cuidar do cabelo ralo e dar mais corpo aos fios:**\n\nSe você tem o cabelo ralo, vai reconhecer de cara os problemas que vamos elencar aqui embaixo. Mas, duvidamos que você conheça as soluções!\n\n**Quebra**\n\nA queratina, conhecida também como massa capilar, funciona como “tijolinhos” que constroem o fio. Quando há pouca queratina, há menos “tijolos”, o que deixa o cabelo com uma série de buraquinhos, pequenas falhas, no fio. É por isso que o cabelo ralo é muito mais propenso à quebra.\n\n**Como resolver?**\n\nDuas palavrinhas: [reconstrução capilar!](https://maceladourada.com.br/search?q=save&x=0&y=0) Nesta etapa do cronograma capilar você irá repor a queratina que falta nos fios, dando mais força e resistência para os fios.\n\n**Frizz**\n\nComo o cabelo é menos espesso, há menos umidade natural dentro do fio. Isso faz com que ele busque outras fontes de água  e o ar é uma delas. Seu visual tem sempre aqueles fiozinhos arrepiados? Seu cabelo está precisando de água!\n\n**Como resolver?**\n\nPara matar a sede dos seus fios, invista em [hidratações.](https://maceladourada.com.br/search?q=hidrata%E7%E3o+capilar&x=0&y=0) E tem como hidratar o cabelo em casa mesmo, sem precisar correr para o salão!\n\n**Pouco volume**\n\nComo falamos no começo do artigo, o cabelo ralo tem menos massa capilar, consequentemente, tendem a ser mais “escorridos”, apresentando pouco volume.\n\n**Como resolver?**\n\nO cuidado começa na seleção dos produtos que você irá utilizar para cuidar dos fios. Hoje, há uma série de produtos que ajudam a repor os aminoácidos, estimulando o bulbo capilar, resultando em cabelos mais encorpados e volumosos.\n\n**Nós**\n\nOs fios mais finos têm uma grande tendência a se tornarem embaraçados, mas nada de sair penteando o cabelo de qualquer jeito! Justamente por ter fios mais frágeis, a possibilidade de quebra na intenção de desfazer os nós é bem grande.\n\n**Como resolver?**\n\nPenteie ou escove o cabelo sempre com muita delicadeza. Uma dica é começar sempre a pentear da ponta em direção à raiz, dessa forma os nós vão desmanchando sem acumular em alguma altura do fio, como aconteceria na escovação da raiz para as pontas.\n\n**Excesso de óleo**\n\nO cabelo ralo sofre muito com a oleosidade produzida pela raiz. O sebo produzido se espalha muito mais rapidamente por todo o cabelo, deixando-o com um aspecto sujinho, além de fazer com que os fios fiquem mais pesados e sem movimento.\n\n**Como resolver?**\n\nLavar os cabelos com muita frequência e com água muito quente deve ser evitado. Lave dia sim, dia não e não esfregue o couro cabeludo com muita força ― isso estimula ainda mais as glândulas sebáceas, proporcionando ainda mais sebo.\n\n**Seguindo essas dicas e entendendo a necessidade do seu fio é possível, sim, encorpar os fios e dar adeus ao cabelo ralo!**\n\nGostou do post? Deixe seu comentário ou [CLIQUE AQUI](https://linklist.bio/mcdlojas) e entre em contato pelo [whatsapp ](https://linklist.bio/mcdlojas)para tirar suas dúvidas e nos enviar sugestões.\n\n[Clique aqui para acessar nossa Loja Virtual](https://maceladourada.com.br/)\n\nfonte: cabelo.com.br",
  "sections": [
    {
      "type": "page-title",
      "description": "Cabelo ralo pode ser de causado por característica genética ou pela quebra e queda dos fios, devido ao enfraquecimento das mechas.",
      "title": "Como dar volume e força aos cabelos ralos"
    },
    {
      "type": "blog-post",
      "enabled": true
    },
    {
      "type": "collection-shelf",
      "shuffle": true,
      "limit": 12,
      "page": 1,
      "collection_id": "605cdb60a46e555927c52b64:categories:Cabelos:/loja-virtual-cabelos"
    }
  ]
}