{
  "date": "2021-03-26T19:29:51.385Z",
  "title": "Cosméticos e Dermocosméticos: Você sabe a diferença?",
  "thumbnail": "https://res.cloudinary.com/maceladourada/image/upload/v1617974578/cosmeticos-e-dermocosmeticos_ccdgo8.png",
  "description": "Muitos se confundem acerca da diferença entre cosméticos e dermocosméticos, mas cada um deles age em...",
  "body": "![](https://res.cloudinary.com/maceladourada/image/upload/v1617974578/cosmeticos-e-dermocosmeticos_ccdgo8.png)\n\nMuitos se confundem acerca da diferença entre cosméticos e dermocosméticos, mas cada um deles age em um determinado nível da cútis e proporcionam resultados diferentes.\n\nVeja a diferença entre cosméticos e dermocosméticos\n\n**O que são Cosméticos?**\nCosméticos são produtos de ação imediata, porém pouco duradoura. Eles agem apenas no período em que são utilizados, é o caso das maquiagens, que escondem imperfeições, linhas de expressões e embelezam a pele, mas não proporcionam tratamento para a cútis.\nOs cosméticos não precisam de comprovação científica, ou seja, não são obrigatórios os testes que comprovem a eficácia do produto, porém muitas empresas realizam análises para segurança do consumidor.\n\n**Benefícios:**\n\nDurante o uso, o cosmético limpa, protege e perfuma a pele. Por exemplo, se a pessoa estiver utilizando um cosmético para disfarçar imperfeições, a pele ficará uniforme até a remoção do produto.\n\n**O que são Dermocosméticos?**\nDermocosméticos são produtos que são desenvolvidos com ativos farmacológicos e seu principal objetivo é cuidar da saúde da pele, e não apenas neutralizar as imperfeições. Sãos os cremes, séruns, máscaras faciais.\n\nO que o diferencia dos cosméticos, é que os dermocosméticos precisam passar por uma série de testes dermatológicos e pesquisas rigorosas que comprovam cientificamente os efeitos e segurança dos ativos.\n\n**Benefícios:**\n\nOs dermocosméticos possuem ativos que agem nas camadas mais profundas da pele em diferentes tratamentos dermatológicos. Eles tratam redução de olheiras e oleosidade excessiva, clareamento de manchas, redução de poros, firmeza da pele.\n\nOs dermocosméticos melhoram a elasticidade da pele, e também são eficazes na hidratação da cútis, tratando ou eliminando problemas pontuais a longo prazo.\n\nQual utilizar, cosmético ou dermocosmético?\nComo vimos, cada um deles possui uma finalidade específica, logo não é necessário escolher entre um ou outro, mas sim utilizá-los em momentos específicos.\n\nOu seja, caso seja necessário recorrer ao efeito imediato, para um evento, por exemplo, vale optar pelos cosméticos. Se o desejo for tratar a pele de maneira mais profunda e eficaz, a melhor alternativa são os dermocosméticos.\n\nFonte:\ncosmeticinnovation.com.br",
  "sections": [
    {
      "type": "page-title",
      "title": "Cosméticos e Dermocosméticos: Você sabe a diferença?",
      "description": "Muitos se confundem acerca da diferença entre cosméticos e dermocosméticos, mas cada um deles age em um determinado nível da cútis e proporcionam resultados diferentes."
    },
    {
      "type": "blog-post",
      "enabled": true
    }
  ]
}
