{
  "date": "2021-03-02T17:18:59.106Z",
  "title": "Descubra como Reduzir a Celulite\t",
  "body": "Que tal começar agora o projeto verão corpo em forma, com a ajuda de um poderoso ativo, eficaz na redução de medidas, celulite e redução da dor ocasionada na congestão linfática da celulite?\n\n![](https://res.cloudinary.com/maceladourada/image/upload/v1617974580/descubra-como-reduzir-a-celulite-_r3hxln.png)\n\nO acúmulo de gordura abdominal, além de causar incômodo do ponto de vista estético, está associado a um maior risco para doenças cardiovasculares.\n\n**A celulite acomete cerca de 90% das mulheres em idade fértil,** e localiza-se em áreas bem específicas, predominando na face medial e posterior de coxas e região glútea.\n\n[](https://maceladourada.com.br/creme-redutor-de-medidas-com-adipotrap-100g)**O Creme Redutor de Medidas Adipotrap é um ativo derivado do Sundew** (Drosera ramentacea), uma planta carnívora, com estudos de eficácia na redução de medidas, celulite e **redução da dor ocasionada na congestão linfática da celulite.**\n\n**Benefícios:**\n\n* Efeito Remodelador;\n* Redução de 1,4cm de circunferência  da coxa em duas semanas;\n* Ação sobre a celulite em apenas duas semanas;\n* Reduz a dor relacionada a celulite em apenas duas semanas. \n\n**Modo de usar:**\nAplique na parte afetada duas vezes ao dia\n\n**Onde encontrar:**\n\n[Para adquirir, clique aqui!](https://maceladourada.com.br/creme-redutor-de-medidas-com-adipotrap-100g)\n\nEntre em contato para tirar dúvidas com nossos Farmacêuticos, clique no link abaixo.\n\n[Clique aqui para mais informações](https://linklist.bio/mcdlojas)\n\n**Estudos comprovam a eficácia de Adipo-Trap®**\n\nAdipo-Trap® pode ser utilizado topicamente na concentração de 3,0% demonstrando **excelentes resultados de medidas, dor e celulite.**\n\nAs células tratadas são completamente diferenciadas em adicócitos maduros, mas o conteúdo de triglicérides é muito mais baixo que o das células não tratadas \n\nApós 07 dias de encubação com um meio padrão, os adipócitos não tratados acumulam triglicérides em gotas grandes que ocupam todo o volume da célula.\n\n![](https://res.cloudinary.com/maceladourada/image/upload/v1617974600/ourtrsa-_wmvtdv.jpg)\n\n[Clique aqui para adquirir!](https://maceladourada.com.br/creme-redutor-de-medidas-com-adipotrap-100g)",
  "thumbnail": "https://res.cloudinary.com/maceladourada/image/upload/v1617974580/descubra-como-reduzir-a-celulite-_r3hxln.png",
  "sections": [
    {
      "type": "page-title",
      "title": "Descubra como Reduzir a Celulite\t",
      "description": "Que tal começar agora o projeto verão corpo em forma, com a ajuda de um poderoso ativo, eficaz na redução de medidas, celulite e redução da dor ocasionada na congestão linfática da celulite?"
    },
    {
      "type": "blog-post",
      "enabled": true
    }
  ],
  "description": "Que tal começar agora o projeto verão corpo em forma, com a ajuda de um poderoso ativo, eficaz na redução de medidas, celulite e redução da dor ocasionada na congestão linfática da celulite?"
}
