{
  "date": "2021-03-17T20:57:00.741Z",
  "title": "Entenda porque no outono-inverno temos mais vontade de comer pães e massas",
  "description": "O inverno se aproxima e, à medida que a temperatura cai o nosso apetite aumenta. Essa curiosa correlação é capaz de colocar a perder todo o...",
  "thumbnail": "https://res.cloudinary.com/maceladourada/image/upload/v1617974607/paes-e-massas_a2b1uq.png",
  "body": "![](https://res.cloudinary.com/maceladourada/image/upload/v1617974607/paes-e-massas_a2b1uq.png)\n\nO inverno se aproxima e, à medida que a temperatura cai o nosso apetite aumenta. Essa curiosa correlação é capaz de colocar a perder todo o esforço feito para conquistar a forma tão desejada no verão. Outro comportamento recorrente no outono-inverno é a falta de disposição para a prática de exercícios físicos, o que também pode contribuir para o ganho de peso.\n\n**Mas, por que isso acontece?**\n\nDe acordo com os nutricionistas, é normal que o interesse por produtos mais calóricos aumente nos períodos mais frios porque a queda de temperatura costuma afetar o metabolismo e o nosso corpo precisa de mais energia para se manter aquecido. Também têm influência componentes subjetivos que nos fazem associar o consumo de carboidratos e amidos com uma sensação de conforto e prazer.\n\nMesmo produtos considerados saudáveis, como pães integrais e cereais podem “esconder” açúcares que, quando ingeridos em excesso podem provocar um desequilíbrio na produção da insulina, um hormônio que tem a função de metabolizar a glicose (açúcar transportado pelo sangue) para que as células produzam energia.\n\nO descontrole desse processo pode levar a quadros de diabetes, entre outros problemas de saúde.\n\n**Como bloquear a absorção de carboidratos?**\n\nA prática regular de exercícios físicos é a principal maneira de evitar que as calorias produzidas pelo consumo de carboidratos e amidos sejam transformadas em gordura e se acumulem pelo nosso corpo. No entanto, já existe no mercado um produto natural capaz de auxiliar nas dietas que buscam reduzir as taxas de açúcar no sangue.\n\n**InSea2®** é um combinado de polifenóis que tem a capacidade de interromper a digestão e assimilação de amido e açúcar, prevenindo picos de insulina. Enquanto produtos similares agem apenas na inibição da absorção de uma das enzimas do processo digestivo relacionadas com o amido, a amilase, InSea2® também bloqueia a enzima glucosidase.\n\nAtuando nessas duas etapas a maior parte dos carboidratos ingeridos não são absorvidos e acabam eliminados nas fezes, o que configura uma alternativa segura para o auxílio em dietas que visam emagrecimento e controle de diabetes. \n\n**Ações comprovadas de InSea2®:**\n\n* Reduz níveis de insulina e açúcares no sangue;\n* Promove o metabolismo natural e saudável da glicose;\n* Reduz os efeitos da maré pós-prandial;\n* Reduz o índice glicêmico dos alimentos ingeridos; \n* Ajuda a manter o funcionamento saudável da insulina;\n* Melhora a resistência à insulina;\n* Gerenciamento de peso;\n* Prevenção de Diabetes Tipo II;\n\n**Onde encontrar**\n\n**InSea2** você encontra na [Macela Dourada!](https://maceladourada.com.br/)\n\nGostou do post? [Clique aqui](https://linklist.bio/mcdlojas) e entre em contato para tirar dúvidas e nos enviar sugestões.\n\n\\*Nunca tome medicamentos sem orientação de um profissional.\n\nFonte\n\neuusomedicamentomanipulado.com.br",
  "sections": [
    {
      "type": "page-title",
      "title": "Entenda porque no outono-inverno temos mais vontade de comer pães e massas",
      "description": "O inverno se aproxima e, à medida que a temperatura cai o nosso apetite aumenta. Essa curiosa correlação é capaz de colocar a perder todo o esforço feito para conquistar a forma tão desejada no verão. Outro comportamento recorrente no outono-inverno é a falta de disposição para a prática de exercícios físicos, o que também pode contribuir para o ganho de peso."
    },
    {
      "type": "blog-post",
      "enabled": true
    }
  ]
}
