{
  "date": "2021-03-23T19:41:45.065Z",
  "title": "O que é água micelar e suas vantagens",
  "description": "Você já deve ter ouvido falar de água micelar em artigos de beleza. Claro, ela se parece com a água normal, mas na verdade limpa e traz diversos...",
  "thumbnail": "https://res.cloudinary.com/maceladourada/image/upload/v1617974573/agua-micelar-1-_z5bpgp.png",
  "body": "![](https://res.cloudinary.com/maceladourada/image/upload/v1617974573/agua-micelar-1-_z5bpgp.png)\n\nVocê já deve ter ouvido falar de água micelar em artigos de beleza. Claro, ela se parece com a água normal, mas na verdade limpa e traz diversos benefícios para a sua pele.\n\nSuper gentil com a pele (nem precisa enxaguar!), ela remove impurezas e maquiagem sem agredir a barreira natural de proteção da pele!\n\n**Como a água micelar funciona?**\n\nA ciência por trás da beleza: a água micelar é a solução de limpeza efetiva! Com pequenas partículas chamadas \"micelas de limpeza\", são bolhinhas inteligentes que atraem a maquiagem e as impurezas como um ímã.\n\nElas dissolvem sujeiras, oleosidade e maquiagem (com a ajuda de um disco de algodão), limpando a pele sem prejudicar sua barreira natural de proteção.\n\n![](https://res.cloudinary.com/maceladourada/image/upload/v1617974568/1082560-simple-what-is-micellar-water-micelles-graph.jpg.rendition.1700.650_njwkak.png)\n\nBenefícios da água micelar\n\nQuais são os benefícios da água micelar? São vários! A água micelar remove a maquiagem e as impurezas sem afetar o equilíbrio natural da pele. Ela limpa, desobstrui os poros, tonifica e aumenta a hidratação da pele, de uma vez só e sem enxágue!\n\n**Veja 5 benefícios da água micelar**\n\n**1. Água Micelar é ótima para pele oleosa!**\n\nTudo o que as pessoas com pele oleosa adoram é um rosto sempre seco, sem aquela sensação pegajosa. Na hora de limpar, que é a função básica da água micelar, a solução remove as impurezas ao mesmo tempo que remove a oleosidade, deixando o rosto seco.\n\nA maior vantagem de limpar com o produto é que ela não precisa de enxague, pois sua fórmula já limpa e purifica, agindo como se fosse um tônico.\n\n**2. Remove maquiagem à prova d'água!**\n\nNa hora de tirar a maquiagem, principalmente aquelas à prova d'água, os demaquilantes com óleo são os mais usados, mas quem tem a pele oleosa sabe que o produto deixa uma sensação e aspecto brilhoso na pele e precisam de uma lavagem depois.\n\nA água micelar consegue ser vantajosa porque retira qualquer tipo de maquiagem, até as de longa duração e à prova d'água, porque contém micelas, que são as moléculas que removem as impurezas.\n\nA dica para conseguir remover completamente é pressionar levemente um algodão sobre a pele e esperar a maquiagem \"derreter\" por cerca de 20 segundos, para depois arrastar o algodão.\n\n**3. Pode ser usada por quem sofre com acne!**\n\nEmbora nem toda pele oleosa tenha tendência à acne, a grande maioria apresenta algumas espinhas, que costumam aparecer tanto nas bochechas e no maxilar quanto na zona \"T\".\n\nAlém disso, a água micelar também consegue ser proveitosa porque ela não contém álcool, ou seja, não vai piorar as inflamações na hora de limpar ou remover a maquiagem.\n\n**4. Deixa o PH Equilibrado, controlando a oleosidade!**\n\nUma das funções da água micelar é sua ação purificante. Isso significa que ela limpa os poros da pele, em profundidade, retirando dali o que está impedindo-os de respirar.\n\nJunto a isso, vem a ação Reequilibrante, que quer dizer \"reestabelecer o pH da pele\", que pode ter sido alterado por causa da poluição ou produtos de maquiagem.\n\nAssim, com o pH equilibrado, as glândulas sebáceas conseguem ser controladas e produzir menos oleosidade. \n\n**5. Pode ser utilizada com borrifador!**\n\nSabe quando a pele fica ainda mais oleosa no meio do dia ou quando você quer refrescar o seu rosto enquanto está tomando sol?\n\nA água micelar é um verdadeiro curinga para esses momentos, porque ela pode ser colocada em um borrifador e ser aplicada no rosto para amenizar a sensação oleosa.\n\nAlém disso, a vantagem é que a solução também vai hidratar e deixar a pele mais macia. \n\n**Ingredientes da água micelar**\n\nMuito mais do que só H2O, esta solução de limpeza gentil inclui ingredientes que cuidam da sua pele, como água triplamente purificada, vitamina B3 e vitamina C, que ajudam a revigorar, suavizar e trazer maciez para sua pele de forma delicada. \n\n**Como usar água micelar**\n\nNão importa se seu dia está começando ou terminando, a água micelar é ótima para limpar ou refrescar a pele. Basta umedecer um disco de algodão com o produto e passar sobre pele, removendo a maquiagem e as impurezas.\n\nMaquiagem resistente? Sem problemas! A água micelar limpa e remove a maquiagem sem irritar a pele.\n\nÉ só pressionar o disco de algodão umedecido sobre os olhos por alguns segundos. Ela é tão eficiente que você nem precisa esfregar. \n\nA [água micelar](https://maceladourada.com.br/search?q=%E1gua+micelar&x=0&y=0) pode ser um ótimo passo adicional na sua rotina de cuidados com a pele, agindo também como um tônico refrescante pós-limpeza.\n\nAgora você já sabe o que é água micelar! Um produto básico e inovador que logo vai ocupar um lugar de destaque na sua rotina de cuidados com a pele. A única pergunta vai ser qual escolher e onde encontrar.\n\n**Onde encontro Água Micelar?**\n\n[Água Micelar](https://maceladourada.com.br/search?q=%E1gua+micelar&x=0&y=0) você encontra na [Macela Dourada!](https://linklist.bio/mcdlojas)\n\n[Clique aqui e escolha a sua!](https://maceladourada.com.br/search?q=%E1gua+micelar&x=0&y=0)\n\nGostou do post? Entre em contato pelo [WhatsApp ](https://linklist.bio/mcdlojas)para tirar dúvidas e nos enviar sugestões.\n\nFonte: \n\nsimpleskincare.com\\\nbelezaextraordinaria.com.br",
  "sections": [
    {
      "type": "page-title",
      "title": "O que é água micelar e suas vantagens",
      "description": "Você já deve ter ouvido falar de água micelar em artigos de beleza. Claro, ela se parece com a água normal, mas na verdade limpa e traz diversos benefícios para a sua pele."
    },
    {
      "type": "blog-post",
      "enabled": true
    }
  ]
}
