{
  "date": "2021-03-04T19:30:12.021Z",
  "title": "O que se deve fazer para evitar a queda de cabelo no verão\t",
  "thumbnail": "https://res.cloudinary.com/maceladourada/image/upload/v1617974603/o-que-se-deve-fazer-para-evitar-a-queda-de-cabelo-no-verao-2-1-_eivlr9.png",
  "body": "![](https://res.cloudinary.com/maceladourada/image/upload/v1617974603/o-que-se-deve-fazer-para-evitar-a-queda-de-cabelo-no-verao-2-1-_eivlr9.png)\n\nA queda de cabelo pode ser causada por vários fatores. Além de fatores genéticos, a má alimentação, o stress, a caspa, o excesso de oleosidade no couro cabeludo e até cigarro e álcool comprometem o crescimento saudável dos fios.\n\nAlém disso, estudos apontam que o verão é a estação que mais contribui com a queda natural dos fios.\n\nA piscina, o mar, o suor e deixar o cabelo preso na maior parte do tempo pode fazer com que os fios sofram danos. Além disso, é comum lavarmos os cabelos mais vezes e os fios molhados ficam mais frágeis.\n\nVeja 05 dicas para você aproveitar ao máximo o verão com cabelos lindos e saudáveis\n\n**Utilize proteção solar**\n\nO cabelo precisa de proteção solar da mesma maneira que a pele. [Existem produtos específicos que protegem os cabelos dos raios do sol.](https://maceladourada.com.br/search?q=amo+sol&x=0&y=0) Use diariamente e, caso queira uma textura mais leve, prefira os[ leave-ins.](https://maceladourada.com.br/leave-in)\n\n**Adote uma alimentação saudável**\n\nHábitos alimentares contribuem para o crescimento dos fios, pois o cabelo precisa de nutrientes para crescer forte e saudável.\n\nProteínas e aminoácidos presentes no frango e no ovo e sais minerais como zinco e magnésio, encontrados em legumes e verduras, contribuem para a saúde capilar.\n\nJá os doces e guloseimas, frituras e alimentos gordurosos são inimigos de um cabelo forte e saudável. [Veja como evitar a compulsão por doces](https://maceladourada.com.br/dicas-para-controlar-a-compulsao-por-doces)\n\n**Evite água quente**\n\nAproveite a alta temperatura para se jogar em um banho frio. A água fria, ou em temperatura ambiente, é capaz de trazer brilho para o cabelo, revitalizá-lo e fechar as cutículas capilares. A água quente faz exatamente o contrário.\n\n**Deixe seus cabelos sempre limpos**\n\nCom a umidade e o calor, os cabelos no Verão costumam ficar mais oleosos e, com isso, você pode desenvolver caspa e seborreia. Na hora da lavagem, prefira shampoos sem sal.\n\n**Hidrate seus cabelos**\n\nA água é o principal componente de nosso corpo, é barata e fácil de encontrar. Então, neste Verão, não desgrude dela!\n\nAlém da hidratação de dentro para fora, é importante cuidar da hidratação externa. Aposte em fórmulas de nutrição e reconstrução a cada 2 semanas. Durante os cuidados da semana, prefira cremes comuns, que são mais fáceis de serem aplicados.\n\n**Keranat™ é o aliado contra queda capilar**\n\n![](https://res.cloudinary.com/maceladourada/image/upload/v1617974594/keranat-logo-def-v_nanag0.png)\n\nHá muitos medicamentos que prometem fortalecer o cabelo. Porém, muitas pessoas desistem de tomar quando notam que os compostos químicos podem trazer prejuízos ao metabolismo.\n\nContendo suplementos vitamínicos naturais e nutrientes desenvolvidos com alta tecnologia, surge o Keranat™, um aliado natural para evitar e combater a queda de cabelo. Descoberta a causa da queda, o dermatologista pode prescrever o ativo como uma suplementação de vitaminas,  necessárias para o fortalecimento dos fios.\n\n![](https://res.cloudinary.com/maceladourada/image/upload/v1617974594/keranat01_idphxj.jpg)\n\n**Como Keranat™ funciona?**\n\nKeranat™ contribui com a complementação de nutrientes via oral, oferecendo os melhores resultados a longo prazo. Seus ingredientes naturais são absorvidos rapidamente pelo organismo e alcançam as células capilares, estimulando o crescimento de forma rápida e muito efetiva.\n\nAlém disso, os componentes presentes no ativo previnem a caspa e a seborreia, diminuindo a queda, protegendo a cor natural do cabelo e reduzindo os fios brancos, além de melhorar o volume.\n\nA eficácia de Keranat™ foi comprovada por estudos, em uma pesquisa realizada com mulheres que apresentavam queda capilar. Os resultados mostraram a diminuição do número de fios na fase telógena (fase onde ocorre a queda), além da melhora no brilho e volume dos fios, em menos de 12 semanas de uso contínuo do produto.\n\nAlém de ser natural, ou seja, não causar nenhum dano ao metabolismo, Keranat™ impressiona o usuário por seu resultado satisfatório e rápido.\n\n**Onde encontrar**\n\nA fórmula magistral desse ativo você encontra na [Macela Dourada.](https://maceladourada.com.br/)\n\nGostou do post? [Clique aqui](https://linklist.bio/mcdlojas) e entre em contato pelo [whatsapp ](https://linklist.bio/mcdlojas)para tirar suas dúvidas e nos enviar sugestões.\n\n[Clique aqui para acessar nossa Loja Virtual](https://maceladourada.com.br/)\n\nFonte: iberoquimica.com.br",
  "sections": [
    {
      "type": "page-title",
      "title": "O que se deve fazer para evitar a queda de cabelo no verão\t",
      "description": "A queda de cabelo pode ser causada por vários fatores. Além de fatores genéticos, a má alimentação, o stress, a caspa, o excesso de oleosidade no couro cabeludo e até cigarro e álcool comprometem o crescimento saudável dos fios."
    },
    {
      "type": "blog-post",
      "enabled": true
    }
  ],
  "description": "A queda de cabelo pode ser causada por vários fatores. Além de fatores genéticos, a má alimentação, o stress, a caspa, o excesso de oleosidade no couro cabeludo e até..."
}
