{
  "date": "2021-03-23T18:44:56.615Z",
  "title": "Os benefícios do ácido hialurônico na sua pele",
  "thumbnail": "https://res.cloudinary.com/maceladourada/image/upload/v1617974579/cuidados-com-a-pele-1-_xp8yru.png",
  "description": "Sinônimo de hidratação e queridinho dos tratamentos estéticos, o ácido hialurônico é um aliado de peso na manutenção de uma pele bem hidratada...",
  "body": "![](https://res.cloudinary.com/maceladourada/image/upload/v1617974579/cuidados-com-a-pele-1-_xp8yru.png)\n\ninônimo de hidratação e queridinho dos tratamentos estéticos, o ácido hialurônico é um aliado de peso na manutenção de uma pele bem hidratada, firme e saudável.\n\nO ativo é um biopolímero (glicosaminoglicano) naturalmente produzido pelo corpo, responsável pelo preenchimento, lubrificação e estruturação de tecidos como a pele e articulações.\n\nEssa característica especial resulta da sua capacidade única de atrair a molécula de água, funcionando como um verdadeiro imã.\n\nAlém da capacidade de reter água e combater a desidratação cutânea, o ácido hialurônico exibe efeito antioxidante, pois sequestra os radicais livres, aumentando a proteção da pele em relação à radiação UV e contribuindo para aumentar a capacidade de reparação tecidual.\n\nDo total de ácido hialurônico presente no nosso corpo, cerca de 50% encontra-se na pele, tanto nas camadas mais profundas (derme) como na epiderme.\n\nAliás, as proteínas elastina e colágeno estão mergulhadas nesse importante biopolímero e juntas formam uma rede que mantém a pele firme, lisa, viçosa, elástica e hidratada\n\n**Ao longo dos anos nosso corpo perde ácido hialurônico.**\n\nA quantidade de ácido hialurônico é inversamente proporcional ao tempo de vida do organismo, sendo que a partir dos 30 anos já é possível notar uma diminuição desse componente. Aos 75 anos, por exemplo, apenas ¼ da quantidade desse ativo está presente na pele.\n\nA deficiência torna a pele ressecada, os sulcos e expressões faciais ficam mais profundos e evidentes, há perda de brilho e o tecido fica mais suscetível aos danos internos e externos.\n\nO problema é que fatores como a exposição excessiva aos raios solares (UV), tabagismo, má alimentação e stress aceleram ainda mais a degradação, favorecendo o envelhecimento precoce da pele.\n\nPara contornar esse problema, a reposição de ácido hialurônico é recomendada. Estudos mostram que ao devolver esse biopolímero nas camadas internas da pele, o equilíbrio hídrico é restabelecido, regula-se a distribuição de proteínas nos tecidos e compõe-se um ambiente físico.\n\nAtravés disso, ocorre o movimento das células, contribuindo para melhora na estrutura e elasticidade da pele, suavizando linhas de expressão e proporcionando o rejuvenescimento facial\n\n**O ácido hialurônico oral já está disponível como suplemento!**\n\nO ácido hialurônico na forma alimentícia já está presente há muitos anos no mercado externo e recentemente foi aprovado pela Anvisa para uso em suplementos alimentares no Brasil.\n\nAlém de ser seguro, estudos mostram que a ingestão diária proporciona hidratação e efeito antienvelhecimento a longo prazo.\n\nO ácido hialurônico é produzido por fermentação através de bactérias do gênero Streptococcus, especialmente Streptococcus zooepidemicus. Durante a fermentação é produzido o hialuronato de sódio, substância ativa fonte natural de ácido hialurônico.\n\nO hialuronato de sódio utilizado pela Sanavita é obtido por tecnologia avançada de fermentação bacteriana (Streptococcus zooepidemicus), resultando em um produto de alta pureza e absorção, contendo 95% de ácido hialurônico.\n\n**Oral, injetável e cremes – entenda as diferenças**\n\nO ácido hialurônico pode ser utilizado na forma de suplementos orais, como o [Hyaluronic Skin da Sanavita](https://maceladourada.com.br/hyaluronic-skin-neutro-sanavita-lata-240g), na forma injetável (preenchimento) ou tópica (cremes).\n\nO ácido hialurônico injetável tem efeito rápido sobre a pele, contudo, é um tratamento invasivo, caro e gradualmente perdido.\n\nAlém disso, depende necessariamente de um médico especialista, pois o uso incorreto da técnica pode causar alguns transtornos como eritema, edema, presença de nódulos e hematomas, e em casos mais graves, infecção e necrose. \n\nOs cremes com ácido hialurônico são excelentes hidratantes e temos várias opções de ácido hialurônico com pesos moleculares diferentes.\n\nO que nos permite formular produtos não só hidratantes ( ácido hialurônico de alto peso molecular), como também produtos que vão atuar como antienvelhecimento, estimulando a produção de colágeno, elastina e ácido hialurônico na derme (ácido hialurônico de baixo peso molecular. Hyaxel, Oligo HA, Dermahyal, Hymagic 4D, este último já sendo um blend de 4 tipos de ácido hialurônico, tanto de alto quanto de baixo peso molecular). Tornando os cremes, um aliado ao uso oral do ácido hialurônico.\n\nNo caso de suplemento oral, apesar de ser um tratamento menos imediato, são mais acessíveis, indolores, não provocam inchaço e agem nas camadas mais profundas da derme conferindo hidratação e efeito antienvelhecimento a longo prazo.\n\nAlém disso, é possível fazer associações que potencializam os benefícios, como peptídeos de colágeno e antioxidantes como no caso de [Hyaluronic Skin](https://maceladourada.com.br/hyaluronic-skin-neutro-sanavita-lata-240g).\n\nA recomendação é que seja ingerido diariamente para prevenir a perda de ácido hialurônico não somente na pele, como em outros tecidos. \n\n**Todos os ácidos hialurônicos são iguais?** \n\nNão, no corpo são encontrados ácidos hialurônicos com tamanhos diversos, que variam desde 20kDa até 20.000kDa, dependendo da função no tecido7, e os estudos mostram que existe uma relação importante entre o tamanho da molécula e sua funcionalidade. \n\nSegundo as pesquisas, a suplementação de ácido hialurônico com peso molecular entre 300-800kDa é mais indicada para a pele e a com peso molecular maior, acima de 900KDa, é a mais recomendada para problemas articulares, pois nesse caso a viscosidade conferida ao tecido é maior e melhor é a proteção às cartilagens8.\n\nMoléculas muito pequenas (< 2kDa) estão associadas a processos pró-inflamatórios, sendo a suplementação desaconselhada.\n\n**A absorção do ácido hialurônico oral é comprovada cientificamente!**\n\nEstudos mostram que as moléculas de ácido hialurônico ingeridas, presentes naturalmente no hialuronato de sódio, percorrem o trato gastrointestinal intactas e são quebradas pelas bactérias presentes no intestino grosso, mais especificamente no ceco, resultando em oligossacarídeos que então migram para os tecidos através da corrente sanguínea e sistema linfático. \n\nUma vez na pele, esses oligossacarídeos agem estimulando a proliferação dos fibroblastos, células responsáveis pela síntese da maioria dos componentes da matriz extracelular da pele incluindo colágeno, elastina e ácido hialurônico, favorecendo a firmeza do tecido, reduzindo o volume de rugas e preenchendo a pele ao mesmo tempo que hidrata de forma prolongada.\n\nSegundo as pesquisas, cerca de 90% do ácido hialurônico na forma de hialuronato de sódio é absorvido e pode ser identificado na pele após 24-96h da ingestão, e o efeito da suplementação ainda pode ser observado após 2 semanas do fim do tratamento11-12.\n\n[Hyaluronic Skin Sanavita®](https://maceladourada.com.br/hyaluronic-skin-neutro-sanavita-lata-240g) **– o primeiro suplemento do mercado de alimentos com ácido hialurônico!**\n\n![](https://res.cloudinary.com/maceladourada/image/upload/v1617974567/0001728_hyaluronic-skin-neutro-sanavita-lata-270g_400_lccv8b.jpg)\n\n[Hyaluronic Skin](https://maceladourada.com.br/hyaluronic-skin-neutro-sanavita-lata-240g) é um produto inovador, exclusivo, desenvolvido com a mais avançada tecnologia para promover nutrição e beleza da pele.\n\nSua fórmula comprovadamente eficaz contém ativos inteligentes precursores de colágeno, entre eles o ácido hialurônico biodisponível e os peptídeos ativos de colágeno, ambos com baixo peso molecular e alta absorção.\n\nNo caso do ácido hialurônico, é utilizado um produto de peso molecular definido (350kDa), específico para a pele, com excelente biodisponibilidade. \n\nUma única dose oferece também 100% das necessidades diárias de vitaminas A, C, E, biotina, ácido pantotênico e zinco, micronutrientes importantes que nutrem e mantem a pele protegida dos danos causados pela ação dos radicais livres.\n\nA vitamina C auxilia na formação do colágeno e juntamente com a vitamina E e o zinco são importantes antioxidantes. A vitamina A contribui para a manutenção da pele, e o zinco, além da pele, contribui para a manutenção do cabelo e das unhas.\n\n**Onde Encontrar**\n\nO [Hyaluronic Skin](https://maceladourada.com.br/hyaluronic-skin-neutro-sanavita-lata-240g) você encontra na [Macela Dourada.](https://maceladourada.com.br/)\n\n[Clique aqui e adquira!](https://maceladourada.com.br/hyaluronic-skin-neutro-sanavita-lata-240g)\n\nGostou do post? Entre em contato pelo [WhatsApp](https://linklist.bio/mcdlojas) para tirar dúvidas e nos enviar sugestões.\n\n\\*Consulte seu médico, nutricionista ou nossas farmacêuticas para mais informações.\n\nFonte: blog.sanavita.com.br",
  "sections": [
    {
      "type": "page-title",
      "title": "Os benefícios do ácido hialurônico na sua pele",
      "description": "inônimo de hidratação e queridinho dos tratamentos estéticos, o ácido hialurônico é um aliado de peso na manutenção de uma pele bem hidratada, firme e saudável."
    },
    {
      "type": "blog-post",
      "enabled": true
    }
  ]
}
