{
  "date": "2021-03-17T17:48:21.507Z",
  "title": "Por que surgem as estrias e como tratá-las",
  "thumbnail": "https://res.cloudinary.com/maceladourada/image/upload/v1617974566/close-up-de-mulher-pes-relaxando-ligado-lounge-cadeira-em-spa_-1-_b9dewz.png",
  "body": "![](https://res.cloudinary.com/maceladourada/image/upload/v1617974566/close-up-de-mulher-pes-relaxando-ligado-lounge-cadeira-em-spa_-1-_b9dewz.png)\n\nAs [estrias](https://maceladourada.com.br/estria) são cicatrizes que se formam quando há destruição de fibras elásticas e colágenas na pele. As linhas são formadas por causa da diminuição da espessura da derme e da epiderme.\n\nExistem dois tipos de [estrias](https://maceladourada.com.br/estria): as [estrias](https://maceladourada.com.br/estria) recentes e [estrias](https://maceladourada.com.br/estria) antigas. As recentes são as rosas e as mais antigas são as branquinhas. \n\n**Causas**\n\nAs [estrias](https://maceladourada.com.br/estria) normalmente se formam quando há estiramento da pele, que no geral é causado por um aumento do volume corpóreo.\n\nEsse aumento pode ocorrer por causa de gravidez, aumento de peso, colocação de prótese mamária, uso de anabolizantes, ou por fatores hormonais como o uso de estrógeno e hormônios adrenocorticais.\n\nO uso prolongado de tratamentos com corticoides também pode desencadear [estrias](https://maceladourada.com.br/estria) no corpo. Fatores genéticos também podem estar envolvidos. \n\n**Fatores de risco**\n\nElas são mais frequentes em áreas que tendem a armazenar gordura, como o abdômen, tórax, braços, nádegas e coxas. Acontece muito quando a mulher entra na puberdade, cresce muito rápido, ou ganha peso em um curto espaço de tempo.\n\nNa fase adulta, durante a gravidez podem aparecer estrias no abdômen e nos seios. Outra causa comum, hoje, é o aparecimento após a colocação de próteses de silicone, por causa da distensão dos tecidos de forma abrupta.\n\nJá em homens é mais comum nos ombros, braços e costas. Os que se submetem a musculação excessiva ou abusam de anabolizantes são os mais propensos. Em homens o ganho de peso e o crescimento abrupto também são causas de [estrias](https://maceladourada.com.br/estria). \n\n**Buscando ajuda médica**\n\n[Estrias ](https://maceladourada.com.br/estria)largas e de surgimento abrupto podem ser sintoma de doenças endocrinológicas e um médico deverá ser consultado. Mas, em geral, as estrias causam um desconforto estético, e isso já é motivo para a busca por um tratamento.\n\n**Tratamento e Cuidados**\n\nA eficácia do tratamento irá depender da fase em que a estria está, o local em que se encontra e sua espessura. É importante lembrar que não há cura total, mas há significativa melhora em sua aparência.\n\nAlém disso, quanto mais cedo iniciar-se o tratamento, maiores as chances de que os resultados sejam positivos.\n\nHá vários tipos de tratamento, desde cremes tópicos, aplicação de ácidos, laser e peeling. O dermatologista é o profissional mais indicado para diagnosticar e prescrever os tratamentos.\n\nMas existe também uma forma de ajudar na firmeza da pele, prevenindo o aparecimento de novas [estrias](https://maceladourada.com.br/estria): a reposição de colágeno.\n\n[BioSil™](https://maceladourada.com.br/biosil-520-mg-30-capsulas) é um suplemento de silício orgânico que estimula o próprio organismo a produzir colágeno.\n\nAo estimular a produção de colágeno e elastina, [BioSil™](https://maceladourada.com.br/biosil-520-mg-30-capsulas) aumenta a elasticidade da pele, contribuindo para evitar o aparecimento de [estrias](https://maceladourada.com.br/estria). \n\n**Onde Encontrar**\n\n[A fórmula magistral do Biosil](https://maceladourada.com.br/biosil-520-mg-30-capsulas) você encontra na [Macela Dourada.](https://maceladourada.com.br/biosil-520-mg-30-capsulas)\n\nGostou do post? [Clique aqui](https://linklist.bio/mcdlojas) e entre em contato pelo [whatsapp](https://linklist.bio/mcdlojas) para tirar suas dúvidas e nos enviar sugestões.\n\n[Clique aqui para acessar nossa Loja Virtual](https://maceladourada.com.br/)\n\n[](https://maceladourada.com.br/)Veja também: [Qual o protetor solar ideal para cada tipo de pele](https://maceladourada.com.br/qual-o-protetor-solar-para-cada-tipo-de-pele)\n\nFonte:\\\nminhavida.com.br\\\nbiosilbrasil.com.br",
  "description": "As estrias são cicatrizes que se formam quando há destruição de fibras elásticas e colágenas na pele. As linhas são formadas por causa da diminuição da...",
  "sections": [
    {
      "type": "page-title",
      "title": "Por que surgem as estrias e como tratá-las",
      "description": "As estrias são cicatrizes que se formam quando há destruição de fibras elásticas e colágenas na pele. As linhas são formadas por causa da diminuição da espessura da derme e da epiderme."
    },
    {
      "type": "blog-post",
      "enabled": true
    }
  ]
}
