{
  "date": "2021-03-09T21:02:04.744Z",
  "title": "Qual o protetor solar ideal para cada tipo de pele\t",
  "sections": [
    {
      "type": "page-title",
      "title": "Qual o protetor solar ideal para cada tipo de pele\t",
      "description": "Você sabe qual o melhor protetor solar para o seu tipo de pele? Veja como escolher o protetor solar ideal para cada tipo de pele e entenda algumas informações contidas no rótulo desses dermocosméticos, como FPS, raios UVA e UVB."
    },
    {
      "type": "blog-post",
      "enabled": true
    }
  ],
  "description": "Você sabe qual o melhor protetor solar para o seu tipo de pele? Veja como escolher o protetor solar ideal para cada tipo de pele...",
  "thumbnail": "https://res.cloudinary.com/maceladourada/image/upload/v1617974610/qual-o-protetor-solar-para-cada-tipo-de-pele-1-_ioofdm.png",
  "body": "![](https://res.cloudinary.com/maceladourada/image/upload/v1617974610/qual-o-protetor-solar-para-cada-tipo-de-pele-1-_ioofdm.png)\n\nVocê sabe qual o melhor protetor solar para o seu tipo de pele? Veja como escolher o protetor solar ideal para cada tipo de pele e entenda algumas informações contidas no rótulo desses dermocosméticos, como FPS, raios UVA e UVB.\n\n**O que é FPS?**\n\nSaber qual a proteção que o filtro solar irá proporcionar na sua pele é essencial para escolher a proteção perfeita.\n\nFPS (Fator de Proteção Solar) indica por quanto tempo o filtro solar manterá a sua pele protegida contra os raios solares.\n\nLogo, aquele número que a sigla leva especifica o tempo de proteção. Para calcular, basta multiplicar por 10. por exemplo: se seu protetor é FPS 30, são 300 minutos de proteção (5 horas).\n\nVale ressaltar que a proteção dos dermocosméticos diminui com o passar do tempo, principalmente quando entra em contato com a água.\n\nO ideal, segundo a Sociedade Brasileira de Dermatologia é que o protetor seja reaplicado a cada 2 horas para máxima proteção e que o fator mínimo para qualquer tipo de pele deve ser FPS 30.\n\n**O que é UVA e UVB?**\n\nUm bom protetor solar deve proteger contra a radiação UVA e UVB. O FPS determina a proteção contra os raios UVB, enquanto o PPD é indicado para verificar a proteção UVA.\n\nA radiação UVB é menos profunda, além de ser a principal responsável pelas queimaduras e vermelhidão da pele, sendo mais intensa entre 10h e 16h.\n\nA radiação UVA penetra mais profundamente e é a principal causa do câncer da pele e do fotoenvelhecimento. Portanto, confira o valor do PPD nos protetores solares.\n\nSe o número for maior que 9, sua proteção contra os raios UVA é alta. Se estiver em estrelas, a classificação é de 0 a 4, sendo 4 alta proteção. Outro ponto importante é que o PPD, de acordo com a legislação, deve ser sempre, no mínimo, um terço do valor do FPS.\n\n**Quais os tipos de pele?**\n\nPara encontrar a proteção ideal é importante identificar cada tipo de pele. Veja as característica mais como em cada um deles:\n\n**Pele normal:** Macia, com poucos poros visíveis e aspecto saudável, produz óleo normalmente sem excesso de brilho. Encontrada em bebês, crianças ou em pessoas antes da puberdade. Dificilmente encontrada na fase adulta.\n\nSão recomendados os filtros em formato sérum, loção ou spray, pois apresentam maior resistência ao suor e à água.\n\n**Pele mista:** Aspecto gorduroso na zona T (testa, nariz e queixo). As bochechas são normais e secas.\n\nUma ótima opção para pele mista é o protetor solar em gel-creme, que é cremoso e hidratante ao mesmo tempo, atuando no equilíbrio da produção de sebo durante o dia.\n\n**Pele seca:** Pouco luminosa, poros menos visíveis, opaca e áspera. Envelhece precocemente e descama com facilidade\n\nEsse tipo de cútis precisa de um veículo mais cremoso com poder de hidratação, que é um fator ausente na pele seca. Os veículos mais indicados para as pessoas com esse tipo de cútis são os cremes, que são opções hidratantes e resistentes.\n\n[como prevenir o envelhecimento precoce da pele](https://maceladourada.com.br/como-prevenir-o-envelhecimento-precoce-da-pele)\n\n**Pele oleosa:** Aspecto engordurado, poros dilatados, podendo apresentar comedões, acne e marcas de acne. É uma pele resistente e envelhece mais lentamente.\n\nProcure sempre produtos que informem, em sua embalagem, que são livres de óleos (oil-free), com toque seco, efeito mate e não comedogênicos.\n\nOs melhores protetores solares para a pele oleosa são os fluidos, pois são mais líquidos, e os pós compactos, que aderem melhor à cútis e a mantêm sequinha.\n\n**Cuidados específicos com a pele**\n\nUma pele saudável requer cuidados específicos! Limpe a sua pele duas vezes ao dia (manhã e noite) para evitar acúmulo de oleosidade, maquiagem e poluentes.\n\nA higiene faz parte do tratamento diário de rotina e deve se adaptar ao tipo específico de pele, respeitando seu pH e utilizar agentes suaves que preservem seu filme hidrolipídico.\n\nÁgua é fundamental para manter sua pele hidratada. Beba pelo menos 2 litros de água por dia.\n\n**O protetor solar ideal para seu tom de pele**\n\n​O fator de proteção solar varia de acordo com o tom de pele. As peles mais claras necessitam de um FPS maior e as peles mais escuras, o FPS pode ser menor.\n\n**Pele clara e muito branca**\n\nTem sardas no rosto, a pele queima-se muito facilmente e nunca fica bronzeada, ficando avermelhada.\n\nPossui baixa tendência ao bronzeamento e queima com muita facilidade. Corre alto risco de câncer de pele, o fator de proteção indicado para este tipo de pele é o FPS 60.\n\n**Pele morena clara à mulata**\n\nA pele é morena clara que por vezes, queima-se, porém, também se bronzeia. Apesar de ter facilidade para se bronzear, a aplicação do filtro solar acima do FPS 45 é indispensável, inclusive para evitar manchas.\n\n**Pele negra**\n\nA pele é mais escura, raramente se queima e bronzeia muito, mesmo que o bronzeado não seja **muito visível. O fator indicado é FPS entre 20 e 30.**\n\n**Quanto aplicar?**\n\n![](https://res.cloudinary.com/maceladourada/image/upload/v1617974612/protetor-solar-para-cada-tipo-de-pele-1-_iurljp.png)\n\nPara garantir a proteção, é importante utilizar protetor solar corretamente, fazendo uma camada uniforme.\n\nDeve ser reaplicada a cada 2 horas de exposição solar ou após o contato com a água. A aplicação deve ser feita pelo menos 15 minutos antes da exposição ao sol. Recomenda-se aplicar:\n\n* Uma colher de chá (5ml) de protetor solar no rosto e no pescoço;\n* Uma colher de chá (5ml) de protetor para a parte da frente do tronco e outra para a parte de trás;\n* Uma colher de chá (5ml) para cada braço;\n* Uma colher de sopa (15ml) para a parte da frente de cada perna e outra para a parte de trás de cada perna.\n\n**Conclusão**\n\nPara garantir a proteção ideal para a pele, é importante saber qual proteção o filtro solar irá proporcionar e qual FPS é o ideal para a pele. Além disso, para cada tipo de pele, deve-se utilizar o tipo de protetor ideal, seja gel, creme, spray, etc.\n\nTrabalhamos com uma ampla variedade de[ protetores,](https://maceladourada.com.br/cuidados-com-a-pele) entre em contato para escolher a opção ideal para sua pele\n\nGostou do post? [CLIQUE AQUI](https://linklist.bio/mcdlojas) e entre em contato pelo [whatsapp](https://linklist.bio/mcdlojas) para tirar suas dúvidas e nos enviar sugestões.\n\n[Clique aqui para acessar nossa Loja Virtual](https://maceladourada.com.br/cuidados-com-a-pele)\n\n Fonte: lojaadcos.com.br\n\ntuasaude.com"
}
