{
  "date": "2021-03-25T01:53:21.906Z",
  "title": "Queda de Cabelo: Saiba o que causa e como tratar com 10 dicas",
  "thumbnail": "https://res.cloudinary.com/maceladourada/image/upload/v1617974612/queda_de_cabelo_entvir.png",
  "description": "Você já sofreu alguma vez ou ainda sofre com a queda de cabelo? Já conhece quais são as causas e por...",
  "body": "![](https://res.cloudinary.com/maceladourada/image/upload/v1617974612/queda_de_cabelo_entvir.png)\n\nVocê já sofreu alguma vez ou ainda sofre com a queda de cabelo? Já conhece quais são as causas e por que isso acontece? Saiba mais sobre o assunto e conheça produtos que podem te ajudar a combater esse problema, deixando seus cabelos muito mais bonitos e saudáveis.\n\n**Sobre queda de cabelo**\nOs fios de cabelo possuem um processo de crescimento e queda natural, fazendo com que certa quantidade caia diariamente, enquanto outros fios novos estão em constante aparecimento. Porém, é preciso atentar-se, quando essa queda torna-se maior do que o normal e os fios estão quebradiços, é sinal de que o seu cabelo está fragilizado desde a raiz até as pontas, nesse momento, é necessário consultar um médico especialista e entender a causa do problema, para que seja possível realizar de forma correta o melhor tratamento para queda de cabelo.\n\n**O que mais causa queda de cabelo?**\nO que causa a queda de cabelo? Essa é a pergunta que as pessoas que sofrem com a queda se fazem o tempo todo. Muitos fatores podem fazer com que os cabelos se tornem fracos, levando-os a cair.\n\nConforme explica o Farmacêutico Especialista em Cosmetologia Dr. Maurizio Pupo, existem duas causas majoritárias para a queda de cabelo. A primeira delas é a ação do hormônio masculino, que é a testosterona, esse tipo de queda de cabelo é chamada tecnicamente de alopecia androgenética, ela afeta os dois sexos; nos homens ela pode aparecer em qualquer idade, a partir dos 20 anos em diante, e nas mulheres ela aparece geralmente quando a mulher tem ovário policístico ou algum desequilibro hormonal que causa o aumento do hormônio testosterona. Outros desequilíbrios hormonais também podem levar a queda, como no caso da queda de cabelo na menopausa.\n\nA segunda grande causa é um conjunto de fatores associados ao estresse. Essa queda de cabelo causada pelo estresse (seja ele emocional por conta do trabalho ou vida pessoal, físico por conta do excesso de exercícios, pela gravidez e suas alterações emocionais, dentre outros motivos) recebe o nome técnico de eflúvio telógeno.\n\nCuidados que fortalecem e ajudam a evitar a queda de cabelo\nÉ necessário que as pessoas suscetíveis à queda de cabelo tomem alguns cuidados para tratar os cabelos e mantê-los fortes e saudáveis, como utilizar um shampoo antiqueda que fortalece os fios e mantém a raiz saudável, evitar o estresse na medida do possível, ter uma alimentação e rotina de sono equilibradas.\n\n**10 dicas para você deixar seu cabelo mais bonito e saudável**\nAlém do resumo que citamos anteriormente, separamos aqui as 10 principais dicas para manter o seu cabelo mais bonito, forte e saudável. Confira:\n\n**1 – Usar shampoo antiqueda diariamente**\n\nO shampoo antiqueda age como um fortalecedor, evitando a queda e deixando o cabelo mais saudável, com sua raiz mais forte. É importante também que as pessoas suscetíveis à queda, utilizem uma loção antiqueda fortalecedora para potencializar os resultados, pois ela permanece o dia todo em contato com o couro cabeludo, agindo mais profundamente no tratamento sem necessariamente deixar o cabelo oleoso.\n\n**2 – Lavar o cabelo com frequência**\n\nÉ importante manter o couro cabeludo limpo, pois quanto mais limpo e saudável, melhor é para a saúde dos fios. Evite lavar o cabelo em água muito quente, pois ela faz com que o couro cabeludo resseque, causando caspas e tornando-o enfraquecido. Além disso, é importante evitar prender o cabelo quando estiver molhado, isso também causa caspa e proliferação de fungos, enfraquecendo a raiz e podendo causar a queda.\n\n**3 – Não utilizar cremes condicionadores em excesso**\n\nConforme orienta o Dr. Maurizio Pupo, não utilize cremes condicionadores em demasia. Pomadas gordurosas e muitos condicionadores depositam gordura nos cabelos, e essa gordura acaba prejudicando a saúde dos fios, pois deixa o couro cabeludo doente e enfraquecido.\n\n**4 – Se alimentar corretamente**\n\nUma alimentação equilibrada é fundamental para manter os cabelos saudáveis, pois isso complementa os cuidados de dentro para fora. É importante ingerir alimentos ricos em zinco e vitamina E, além de consumir muita água ao longo do dia.\n\n**5 – Dormir, no mínimo, oito horas por dia**\n\nO sono equilibrado evita picos de estresse e mantém a saúde do nosso corpo e, assim como os outros fatores, contribui para a saúde do cabelo também.\n\n**6 – Escovar o cabelo delicadamente**\n\nAo pentear os fios com força, é provável que você machuque a raiz, e uma raiz fraca e danificada fica suscetível à queda de cabelo.\n\n**7 – Não exagerar em procedimentos químicos nos salões**\n\nÉ essencial conversar com o profissional antes e pensar bem para realizar procedimentos químicos, o excesso de química nos cabelos prejudica a saúde dos fios, tornando-os enfraquecidos e causando a queda.\n\n**8 – Utilizar produtos de qualidade**\n\nVálido tanto para o uso em salões, como diariamente em casa. Atente-se sempre a qualidade dos produtos e a quais são os mais adequados ao seu tipo de cabelo.\n\n**9 – Ingerir um complexo multivitamínico**\n\nA alimentação balanceada e saudável é o essencial, porém, caso você sinta a necessidade, sempre com a orientação de um médico, é bacana ingerir um complexo multivitamínico, pois ele complementa a alimentação com todas as vitaminas que o corpo precisa.\n\n**10 – Realizar atividades físicas e relaxantes**\n\nÉ importante manter o corpo em constante movimento, tire um tempo do seu dia para praticar uma atividade física, seja ela exercícios, yoga, ou até mesmo uma simples caminhada, isso ajuda de maneira geral, além de liberar e combater o estresse.\n\n**Shampoo Antiqueda Amplexe – Ada Tina**\n\n![](https://res.cloudinary.com/maceladourada/image/upload/v1617974581/amplexe-antiqueda-shampoo_novo-1-_lxcyen.jpg)\n\n[Shampoo Antiqueda Cabelos Mais Fortes e Sem Queda Amplexe – 200ml](https://maceladourada.com.br/amplexe-shampoo-antiqueda-200ml)\nO Shampoo Antiqueda Amplexe é um potente shampoo antiqueda, que diminui a queda de cabelo tanto feminina quanto masculina, estimulando o crescimento de novos fios e mantendo os cabelos mais fortes, volumosos, saudáveis e livres de queda sendo capaz de atuar inclusive na queda hormonal.\n\n**Loção Antiqueda Amplexe – Ada Tina**\n\n![](https://res.cloudinary.com/maceladourada/image/upload/v1617974580/amplexe-antiqueda-locao_novo-1-_t6msip.jpg)\n\n[Loção Antiqueda Cabelos Mais Fortes e Sem Queda Amplexe – 50 ml](https://maceladourada.com.br/locao-concentrada-amplexe-antiqueda-50ml)\nAmplexe Loção Antiqueda é uma potente loção capilar, que assim como o Shampoo, é desenvolvida com o exclusivo Cooper Tripetide-1, peptídeo bioidêntico antiqueda e estimulante da raiz dos cabelos, associado ao Active Caffeine e concentrado de aminoácidos de Carnitine que juntos promovem o crescimento de novos fios e combatem a queda atuando diretamente na raiz dos cabelos promovendo o crescimento de novos fios sem ressecá-los.\n\nMelhor tratamento para queda de cabelo\nIndicamos como melhor tratamento para queda de cabelo, [o cronograma capilar](https://maceladourada.com.br/amplexe-shampoo-antiqueda-200ml) composto por hidratação, nutrição e reconstrução, que contenha o uso de shampoo e loção antiqueda fortalecedores para recuperar o crescimento dos novos fios e evitar a queda dos cabelos.\n\nÉ importante lembrar que, para que esse cronograma seja efetivo, as principais dicas estão entre as “10 dicas para você deixar seu cabelo mais bonito e saudável” que citamos anteriormente.\n\nGostou do post? Entre em contato pelo [WhatsApp ](https://linklist.bio/mcdlojas)para tirar suas dúvidas e nos enviar sugestões.\n\n<iframe width=\"100%\" height=\"315\" src=\"https://www.youtube.com/embed/v_bY5oldoLY\" title=\"YouTube video player\" frameborder=\"0\" allow=\"accelerometer; autoplay; clipboard-write; encrypted-media; gyroscope; picture-in-picture\" allowfullscreen></iframe>",
  "sections": [
    {
      "type": "page-title",
      "title": "Queda de Cabelo: Saiba o que causa e como tratar com 10 dicas",
      "description": "Você já sofreu alguma vez ou ainda sofre com a queda de cabelo? Já conhece quais são as causas e por que isso acontece? Saiba mais sobre o assunto e conheça produtos que podem te ajudar a combater esse problema, deixando seus cabelos muito mais bonitos e saudáveis."
    },
    {
      "type": "blog-post",
      "enabled": true
    }
  ]
}
