{
  "date": "2021-03-17T19:13:00.454Z",
  "title": "Suas unhas são fracas? Veja 8 cuidados para deixá-las impecáveis\t",
  "description": "Você já sentiu suas unhas fracas e quebradiças? Já aconteceu de elas quebrarem com muita facilidade ou demorarem de crescer?",
  "thumbnail": "https://res.cloudinary.com/maceladourada/image/upload/v1617974621/unhas-fracas-1-_ipkxx0.png",
  "body": "![](https://res.cloudinary.com/maceladourada/image/upload/v1617974621/unhas-fracas-1-_ipkxx0.png)\n\nVocê já sentiu suas unhas fracas e quebradiças? Já aconteceu de elas quebrarem com muita facilidade ou demorarem de crescer?\n\nIsso acontece porque muitas vezes os cuidados com as unhas são secundários em nossas rotinas, mas assim como os cuidados com a pele, as unhas merecem um tratamento especial!\n\n**Para que servem as unhas?**\n\nA principal função das unhas é proteger as pontas dos dedos de traumas e choques. Também têm a missão de defesa e serve para apreender objetos, além da importância ornamental e de que seu aspecto pode até mesmo revelar doenças sistêmicas.\n\n**Veja 8 dicas de como deixar suas unhas impecáveis**\n\n**\\- Beba bastante água**\n\nBeber água interfere diretamente na saúde das nossas unhas. No verão as cutículas tendem a ficar mais ressecadas e o cloro da piscina pode deixar as unhas quebradiças e causar desfolhamentos - quando começam a sair pequenas camadas da unha.\n\nManter o corpo hidratado faz com que suas também fiquem mais hidratadas e saudáveis, evitando esse tipo de complicação.\n\nEspecialistas recomendam ingerir pelo menos seis copos de água por dia. Você ainda pode completar o consumo com sucos naturais, fonte de vitaminas e sais minerais que fortalecem as unhas.\n\n**\\- Mantenha suas [unhas](https://maceladourada.com.br/cuidados-com-as-unhas) cortadas e lixadas**\n\nPara as unhas crescerem mais fortes e saudáveis, você deve mantê-las sempre cortadas ou lixadas. Que tal fazê-las uma vez por semana? Assim elas ficam fortes e preparadas para o esmalte que você mais gosta!\n\nAs unhas podem ser cortadas com tesoura e/ou aparadas com lixas, de preferência de uso pessoal ou descartáveis. O melhor formato é o arredondado nas mãos e quadrado nos pés.\n\nO tamanho das unhas das mãos deve levar em conta algumas particularidades, como profissão, hábitos e hobbies.\n\nA cutícula não deve ser retirada, pois isso deixa a unha desprotegida e facilita a entrada de fungos e bactérias.\n\nO hábito de lixar a parte de cima da unha pode ser prejudicial, pois retira camadas de queratina e deixa as unhas mais frágeis e finas.\n\nO uso de acetona pode tornar as unhas mais frágeis e quebradiças. Se no salão de beleza a profissional fizer esse tipo de sugestão, recuse. Prefira os removedores de esmalte que não contêm acetona. (nosso removedor)\n\nVocê também pode aplicar uma base niveladora de unhas, que deixa as unhas mais lisas para a aplicação do esmalte.\n\n**\\- Intercalar esmaltes**\n\nUm dos cuidados com as unhas super recomendado é intercalar esmaltes escuros e claros, já que cores mais pigmentadas tendem a amarelar as unhas.\n\nOutra dica é não passar mais de uma semana com um esmalte. Isso porque as unhas não terão tempo para “respirar” e aumenta o risco de ressecamento e enfraquecimento.\n\nPara evitar essa reação, o ideal é deixá-las livres por uma semana durante o mês.\n\nDurante o intervalo, deve haver a aplicação de hidratantes próprios para evitar o ressecamento. Na impossibilidade dessa pausa sem esmalte, deixe pelo menos dois a três dias de intervalo entre as esmaltações.\n\n**\\- Cuidados com as cutículas**\n\nManter as cutículas hidratadas com óleos ou produtos especiais é muito importante para os cuidados com as unhas. Remova os excessos e peles mortas com redutor de cutículas, e suavize as mais ressecadas.\n\nSe estiver com as unhas pintadas, use apenas em volta porque o esmalte atrapalha a penetração do ingrediente.\n\nOutra dica é utilizar uma resina específica para reduzir o crescimento das cutículas, eliminando a necessidade de cortá-las.\n\n**\\- Preste atenção para evitar batidas**\n\nFrio, contato em excesso com água e mudanças climáticas podem enfraquecer as unhas, mas traumas mecânicos gerados por batidas também.\n\nPreste atenção na hora de digitar no computador e cogite deixá-las mais curtas se estiverem muito quebradiças para diminuir a quantidade de batidinhas que elas sofrem diariamente.\n\n**\\- Invista em alimentação saudável e nutritiva**\n\nDeficiências de vitaminas no organismo podem deixá-las mais fracas, por isso aposte em alimentos com vitaminas A, B e E.\n\nEspecialistas dizem que a biotina também é uma grande aliada no fortalecimento das unhas e pode ser encontrada em aveia, grão de bico, soja e feijão.\n\n**\\- Redobrar a atenção com as unhas dos pés**\n\nAs unhas dos pés merecem tanta atenção quanto as unhas das mãos, e mantê-las curtinhas evita o acúmulo de sujeiras, o amarelamento e o encravamento.\n\nPor isso, corte, lixe e hidrate as unhas do pé também, assim você protege e dificulta a entrada de fungos e bactérias.\n\nNos pés deve se evitar unhas muito compridas porque podem gerar mecanismo de alavanca e descolar as unhas do leito. Isso deixa um aspecto feio e amarelado nas unhas e pode levar ao acúmulo de acúmulo de sujeira e detritos.\n\n**\\- Tome colágeno**\n\nComo as unhas são formadas basicamente por proteína, o colágeno hidrolisado (também uma unidade protéica) pode servir como suplemento alimentar.\n\nO efeito da suplementação de colágeno promovem o aumento da velocidade do crescimento, redução da frequência de quebra, refletindo consequentemente, no conserto da irregularidade e na descamação aparente das unhas.\n\n**Dica bônus: [Kit para cuidados com as unhas](https://maceladourada.com.br/cuidados-com-as-unhas)**\n\n**Resina Fortificante de Unhas**\n\n![](https://res.cloudinary.com/maceladourada/image/upload/v1617974612/resina-fortificante-unhas-e-cuticulas-15ml_500_ndegz8.jpg)\n\nResina Fortificante para unhas aumenta em 971% a produção das 9 queratinas, deixando as unhas mais resistentes. A resina repõe ceramidas e lipídeos naturais tornando-as mais flexíveis, além de elevar a espessura em 71%.\n\n**Base para Unhas Fracas**\n\n![](https://res.cloudinary.com/maceladourada/image/upload/v1617974590/base-para-unhas-fracas-10ml_500_ws3fnq.jpg)\n\nBase para Unhas Fracas 10ml com formol promove o fortalecimento das unhas frágeis e quebradiças. Especial cuidado com as cutículas. \n\n**Removedor de Esmalte sem Acetona**\n\n![](https://res.cloudinary.com/maceladourada/image/upload/v1617974612/removedor-de-esmalte-sem-acetona-100ml_500_twg8cn.jpg)\n\nRemovedor de Esmaltes sem acetona auxilia no fortalecimento das unhas, pois é livre de acetona, que enfraquece as unhas.\n\n**Amolecedor de cutículas**\n\n![](https://res.cloudinary.com/maceladourada/image/upload/v1617974577/amolecedor-de-cuticulas-15g_500_wzz9xl.jpg)\n\nAmolecedor de cutículas possui ação emoliente e hidratante para unhas e cutículas. Com Vitamina E, Ureia e Óleos Naturais.\n\n**Onde encontrar**\n\n[O kit para cuidados com as unhas](https://maceladourada.com.br/cuidados-com-as-unhas) você encontra da [Macela Dourada!](https://maceladourada.com.br/cuidados-com-as-unhas)\n\n[Clique aqui para adquirir!](https://maceladourada.com.br/cuidados-com-as-unhas)\n\nGostou do post? [Clique aqui](https://linklist.bio/mcdlojas) e entre em contato para tirar dúvidas e nos enviar sugestões.\n\nMuitos problemas nas unhas são causados por procedimentos de manicure ou higiene feitos incorretamente. Se você percebe que as suas unhas são mais frágeis ou sensíveis, pergunte ao seu dermatologista quais procedimentos estão mais indicados para o seu caso.\n\nFonte:\n\neaitapronta.com.br\\\nminhavida.com.br\\\nrevistamarieclaire.globo.com",
  "sections": [
    {
      "type": "page-title",
      "title": "Suas unhas são fracas? Veja 8 cuidados para deixá-las impecáveis",
      "description": "Você já sentiu suas unhas fracas e quebradiças? Já aconteceu de elas quebrarem com muita facilidade ou demorarem de crescer?"
    },
    {
      "type": "blog-post",
      "enabled": true
    }
  ]
}
