{
  "date": "2021-03-26T18:38:15.158Z",
  "title": "Tudo o que você precisa saber sobre a Água Micelar e seus Benefícios para Pele",
  "thumbnail": "https://res.cloudinary.com/maceladourada/image/upload/v1617974616/tudo-que-voce-precisa-saber-sobre-agua_micelar_cdrtnf.png",
  "description": "Manter a pele limpa e hidratada são hábitos que devem fazer parte da rotina Skin Care diariamente. É importante...",
  "body": "![](https://res.cloudinary.com/maceladourada/image/upload/v1617974616/tudo-que-voce-precisa-saber-sobre-agua_micelar_cdrtnf.png)\n\nManter a pele limpa e hidratada são hábitos que devem fazer parte da rotina Skin Care diariamente. É importante escolher os produtos corretos para que a sua pele não fique agredida e esteja sempre bonita e saudável.\n\nPor isso, trouxemos dicas sobre o uso adequado da Água Micelar e todos os seus benefícios para pele.\n\nSaiba mais!\n\n**Água Micelar: O que é?**\nA Água Micelar nada mais é do que um produto multifunções. Imagina limpar a pele profundamente, sem agredi-la e ainda mantê-la hidratada? Pois é, a Água Micelar faz isso! Ela possui a função de remover a maquiagem, remover também as impurezas, purificar a pele e deixá-la mais limpa, fazendo uma limpeza profunda, e eliminado inclusive aquilo que um sabonete ou gel de limpeza comuns não conseguiriam limpar.\n\nAlém disso, ela não agride a pele, podendo ser utilizada até mesmo nas peles mais sensíveis, sendo também capaz de manter seu equilíbrio fisiológico, hidratando e tratando a pele enquanto a higieniza.\n\n**Qual é a diferença entre Água Micelar, Água Termal e Tônico?**\nÁgua Micelar, Água Termal e Tônico. Muitas vezes esses produtos são confundidos no mundo da beleza, conversamos com o Farmacêutico Especialista em Cosmetologia Dr. Maurizio Pupo, e esclarecemos as funções de cada um.\n\nA Água Micelar possui múltiplas funções, ela limpa, demaquila, remove a oleosidade, remove resíduos de poluição, limpa em profundidade, equilibra o pH da pele, purifica, e também pode hidratar. Enquanto a Água Termal possui a função apenas de refrescar a pele, sendo um calmante, ela pode ser borrifada sobre a pele quantas vezes ao dia você quiser, trazendo esse efeito que refresca, hidrata e acalma. Já o Tônico, tem como função equilibrar o pH, tonificar, remover profundamente algum resíduo que não tenha saído na lavagem, além de hidratar e preparar a pele para receber um produto de tratamento como um hidratante ou sérum.\n\n**Água Micelar ou Demaquilante?**\nMuitos confundem e acreditam que esses dois produtos possuem a mesma função, mas existem diferenças que devem ser observadas.\n\nO demaquilante geralmente tem uma fórmula mais cremosa e às vezes oleosa, ele ainda pode ser bifásico ou trifásico (que contém óleo). Enquanto a Água Micelar não contém óleo e pode ser utilizada tanto em peles oleosas como em peles mistas, sendo mais apropriada também para pessoas que possuem tendência a acne. Além disso, para o tipo de clima que possuímos no Brasil, a Água Micelar é mais adequada, por ser mais leve, hidratante e não oleosa.\n\n**Como usar adequadamente a Água Micelar?**\nO uso da Água Micelar é muito simples e prático na rotina de cuidados com a pele, ela pode ser utilizada antes do banho para remover a maquiagem do rosto, e após essa remoção você pode utilizar seu sabonete ou gel de limpeza normalmente.\n\nEla também pode ser utilizada quando você desejar trocar a maquiagem mas não tem tempo ou local adequado para lavar o rosto. Você pode aplicar a Água Micelar para remover a maquiagem, esperar secar, e posteriormente aplicar a nova maquiagem desejada.\n\nPor ser muito prática e não oleosa, a Água Micelar também pode ser utilizada como etapa única de limpeza no caso de peles mais secas ou sensíveis. Nesse caso, ao chegar em casa maquiada, você pode removê-la com a Água Micelar, e dormir na sequência, sem lavar o rosto com um sabonete, pois a Água Micelar já atuou dissolvendo toda a maquiagem.\n\nAlém disso, ela também pode apresentar ação tonificante sendo possível aplicá-la para complementar o processo de limpeza do seu gel de limpeza ou sabonete, ajudando a equilibrar o pH.\n\n**Água Micelar antes ou depois do sabonete?**\nFica a seu critério, é preciso analisar suas necessidades de acordo com a rotina e tipo de pele. Conforme comentamos anteriormente, a Água Micelar pode ser usada antes do sabonete para remover a maquiagem, ou também depois do sabonete caso queira um efeito tônico (em caso de águas micelares com ação tonificante), além de poder ser utilizada como etapa única de limpeza em peles sensíveis ou secas.\n\n**Existe Água Micelar Oil Free para peles oleosas?**\nConforme esclarece o Dr. Maurizio Pupo, em geral, todas as águas micelares são OIL FREE, ou seja, indicadas para peles oleosas, pois diferente dos demaquilantes tradicionais não possuem óleo em sua composição. O que pode mudar é o poder de hidratação da Água Micelar, algumas hidratam mais que as outras.\n\n**Qual é a fórmula da Água Micelar?**\nA [Água Micelar](https://maceladourada.com.br/search?q=agua%2Bmicelar&x=0&y=0) é constituída de água purificada, hidratantes e agentes de ingredientes formadores de micelas. Esse processo de formação de micelas é o que dissolve a maquiagem da pele, removendo-a sem que seja necessário utilizar água corrente e sabonete.\n\nTudo de bom, não é mesmo? E você, está esperando o que para começar a utilizar a nossa [Água Micelar](https://maceladourada.com.br/search?q=agua%2Bmicelar&x=0&y=0)? São inúmeros benefícios!\n\nOs principais benefícios da [Água Micelar](https://maceladourada.com.br/search?q=agua%2Bmicelar&x=0&y=0) para a pele\nA [Água Micelar](https://maceladourada.com.br/search?q=agua%2Bmicelar&x=0&y=0) é um produto que contém inúmeros benefícios, se você ainda tem dúvidas de que é um produto essencial na rotina de Skin Care, olha só quanta vantagem em apenas um produto!\n\nEla limpa a pele profundamente, remove os resíduos até das maquiagens mais resistentes, remove os resíduos da poluição, desobstrui os poros (removendo maquiagens que possam ter penetrado neles e outras sujidades que nos expomos ao logo do dia), remove também o excesso de oleosidade da pele, hidrata, tonifica, equilibra o pH, e já deixa a pele preparada para o uso de séruns e hidratantes.\n\nE o melhor, a [Água Micelar](https://maceladourada.com.br/search?q=agua%2Bmicelar&x=0&y=0) por ser um produto oil free, pode ser utilizada em todos os tipos de pele, desde as mais secas até as mais oleosas. Incrível, né? Corre lá em nosso site e escolhe a sua agora mesmo!\n\n[\\>>>CLIQUE E ADQUIRA!<<<](https://maceladourada.com.br/search?q=agua%2Bmicelar&x=0&y=0)",
  "sections": [
    {
      "type": "page-title",
      "title": "Tudo o que você precisa saber sobre a Água Micelar e seus Benefícios para Pele",
      "description": "A Água Micelar por ser um produto oil free, pode ser utilizada em todos os tipos de pele, desde as mais secas até as mais oleosas. Incrível, né?"
    },
    {
      "type": "blog-post",
      "enabled": true
    }
  ]
}
