{
  "date": "2021-03-11T17:41:45.654Z",
  "title": "Uniformização e rejuvenescimento da pele após exposição solar no verão\t",
  "sections": [
    {
      "type": "page-title",
      "title": "Uniformização e rejuvenescimento da pele após exposição solar no verão",
      "description": "A exposição aos raios solares no verão, especialmente no começo do ano, é um fator que compromete significativamente a saúde da pele."
    },
    {
      "type": "blog-post",
      "enabled": true
    }
  ],
  "thumbnail": "https://res.cloudinary.com/maceladourada/image/upload/v1617974619/uniformizacao-_xvmxzl.png",
  "description": "A exposição aos raios solares no verão, especialmente no começo do ano, é um fator que compromete significativamente a...",
  "body": "![](https://res.cloudinary.com/maceladourada/image/upload/v1617974619/uniformizacao-_xvmxzl.png)\n\nA exposição aos raios solares no verão, especialmente no começo do ano, é um fator que compromete significativamente a saúde da pele. Para isso, o ideal é buscar cuidados externos e internos por meio da utilização de protetor solar de forma adequada e da adoção de uma alimentação equilibrada e complementação com ativos naturais que possuam característica dermoprotetora.\n\nA pele é o principal órgão que sofre os danos causados pelo Sol, potencializando o surgimento de rugas pela perda de elasticidade e pigmentação alterada. A pigmentação da pele também é uma resposta defensiva à produção de espécies reativas de oxigênio (ROS) induzidas pela exposição à radiação UV.\n\nApesar de apresentar naturalmente sistemas antioxidantes efetivos, ocorre uma limitação gradual conforme o organismo envelhece, gerando o desequilíbrio entre a resposta imunológica, o aumento da síntese de melanina, a degradação de colágeno e os processos inflamatórios.\n\nA radiação emitida pelo Sol compreende todo o espectro eletromagnético. A radiação ultravioleta é a região do espectro eletromagnético emitido pelo Sol e pode ser dividida em três faixas: UVA, UVB e UVC. As radiações UVA são responsáveis por produzir os radicais livres oxidativos, potencializando o envelhecimento cutâneo e levando ao desenvolvimento de doenças de fotossensibilidade.\n\nJá as UVB, embora de menor comprimento de onda e com menor poder de penetração na pele, são intensamente absorvidas pela epiderme e, portanto, responsáveis pelos danos agudos e crônicos, tais como mancha, eritema, descamação e câncer de pele.\n\nPor fim, a região UVC possui energia elevada e é considerada altamente lesiva, com efeitos carcinogênicos e mutagênicos, apesar de pouco atingir a população por ser absorvida pela camada de ozônio.\n\nAs reações fotoquímicas que são geradas, quando um indivíduo se expõe exageradamente ao Sol e sem os cuidados efetivos, desencadeiam alterações bioquímicas que resultam em danos à pele.\n\nA maioria dos efeitos fisiológicos é consequência das reações de caráter inflamatório e oxidante. O processo de fotoenvelhecimento é resultante de repetidas exposições à luz solar, que se caracteriza pelo remodelamento da derme, levando a marcadas mudanças morfológicas, estruturais e bioquímicas.\n\n**Fotoproteção induzida pela alimentação** \n\nA adoção de uma alimentação com caráter fotoprotetor é recomendada neste período de exposição prolongada ao Sol a fim de promover a proteção, o rejuvenescimento e a uniformização da pele.\n\nÉ necessário potencializar a ingestão de alimentos alaranjados, com alto teor de betacaroteno, licopeno e outros catorenoides responsáveis por minimizar os danos provocados pela radiação e potencializar o metabolismo da pele.\n\nDentre esses alimentos, destacam-se acerola, camu-camu, laranja, abóbora e cenoura, que também fornecem uma concentração de vitamina C e contribuem para o estímulo da síntese de colágeno.\n\nOs vegetais folhosos verde-escuros também merecem destaque, tendo em vista a boa oferta de vitamina E; e as frutas vermelhas e arroxeadas, especialmente as uvas, que garantem a recomendação de resveratrol, fitoquímico que duplica a ação antioxidante na pele.\n\n**Ativos magistrais para prevenção do fotoenvelhecimento**\n\nA complementação da dieta com formulações magistrais à base de ativos específicos para os cuidados internos é eficiente na promoção da fotoproteção e da uniformização da pele no verão.\n\nNesse contexto, a Macela Dourada traz ativos que promovem a uniformização e rejuvenescimento:\n\n**Bioblanc**\n\n![](https://res.cloudinary.com/maceladourada/image/upload/v1617974562/bioblanc-_wj6j61.jpg)\n\nInúmeros mecanismos endógenos protegem a pele dos danos provocados pela radiação UV, como o aumento da espessura da epiderme, pigmentação, mecanismos de reparo das lesões do DNA, indução de apoptose, aumento dos inibidores celulares de metaloproteinases e antioxidantes.\n\nNo entanto, os mecanismos que regem a apoptose e os antioxidantes endógenos diminuem com a idade, e esses mecanismos podem ser suplantados, permitindo que na pele sejam instaladas alterações devido à ação da radiação UV, levando ao fotoenvelhecimento.\n\n**Bioblanc** é um ativo cosmético composto pelos polifenóis mais efetivos da oliva francesa (oleuropeína, hidroxitirosol, tirosol e verbacoside), com ações clareadora, anti-inflamatória e antioxidante.\n\n**Composição:**\n\n* **Polifenois:** Encontrados em abundância no Bioblanc, oleuropeína, hidroxitirosol, tirosol e verbacoside são antioxidantes extremamente eficientes e multifacetados, excepcionalmente estáveis e protetores. O polifenol mais importante presente na oliva é o hidroxitirosol, encontrado a 6%. Mesmo em pequenas concentrações, estudos mostram eficácia deste antioxidante potente.\n* **Ácidos graxos essenciais:** Os ácidos graxos essenciais presentes no azeite de oliva nutrem a pele e têm propriedades anti-inflamatórias.\n\n**Propriedades:**\n\n* Ação anti-inflamatória;\n* Protege os melanócitos humanos de danos causados pela radiação UV;\n* Atua na respiração celular cutânea e na manutenção das funções fisiológicas da pele;\n* combatendo o envelhecimento;\n* Minimiza a aparência de linhas finas e rugas;\n* Equilibra a oleosidade da pele;\n* Ação calmante, indicado a peles sensíveis;\n* 100% natural: Preservative-free, paraben-free, certificado ECOCERT.\n\n**LumineCense INN**\n\n![](https://res.cloudinary.com/maceladourada/image/upload/v1617974596/luminecense-_urvwuc.jpg)\n\nVitamina C oral enzimática complexada a peptídeos de colágeno marinho, ácido hialurônico e acetil glucosamina. Extraída das fontes orientais do Monte Fuji.\n\nA água extraída das geleiras do Monte Fuji é considerada uma das águas mais puras do mundo, pois provém diretamente das montanhas que compõem um dos cenários mais lindos do mundo.\n\n**Benefícios:**\n\n* 100% estável e biodisponível;\n* Eficácia superior a da vitamina C tópica com uso oral;\n* Eficácia em manchas, acte e fechamento do poro;\n* Promove anabolismo da matriz extracelular;\n* Excelente para beauty drinks (estável e saborosa) e cápsulas;\n* Flavorizante natural de maçã verde japonesa.\n\n**PomAgeTM + SiliciuMax®**\n\n![](https://res.cloudinary.com/maceladourada/image/upload/v1617974606/pomageesiliciumax-_z45xcm.jpg)\n\n**PomAgeTM** é um nutricosmético padronizado em um bioativo membro da classe química das di-hidrochalconas, um polifenol encontrado na maçã e tido como o responsável pelos efeitos benéficos à saúde promovidos por essa fruta.\n\nA colagenase MMP-1 (metaloproteinase de matriz do tipo 1) atua na clivagem do colágeno tipo 1 e a elastase na clivagem da elastina, que são os principais componentes da derme e promovem suporte estrutural para a funcionalidade da pele.\n\nPomAgeTM inibe a MMP-1 e a elastase, enzimas que degradam o tecido conectivo e são consideradas importantes alvos nos tratamentos do fotoenvelhecimento. Pode ser utilizado tanto em protocolos de uso oral quanto tópico.\n\n**Benefícios:**\n\n* Inibição de colagenase;\n* Inibição de elastase;\n* Antioxidante.\n\n**SiliciuMax®** Pó é uma molécula de ácido ortosilícico estabilizada em maltodextrina por um método patenteado que inibe a polimerização e aumenta sua biodisponibilidade no organismo.\n\n**SiliciuMax®** Líquido é a forma monometilsilanetriol (MMST) de silício orgânico, uma molécula estável e de alta permeabilidade nas membranas biológicas, sendo altamente absorvida. Sua biodisponibilidade oral é superior a todas as demais formas de silício (cerca de 64%), sendo convertido em ácido ortosilícico após a sua absorção. Pode ser utilizado tanto em protocolos de uso **oral quanto tópico.**\n\n**Benefícios:**\n\n* Estimula a síntese de colágeno e elastina;\n* Revitalização de cabelos e unhas.\n\n**Os ativos devem ser prescritos em fórmulas magistrais, por profissional capacitado, avaliando a condição clínica de cada paciente.**\n\n**Onde Encontrar**\n\nA fórmula magistral desses ativos, você encontra na [Macela Dourada!](https://maceladourada.com.br/)\n\nGostou do post? Entre em contato pelo[ whatsapp](https://linklist.bio/mcdlojas) para tirar suas dúvidas e nos enviar sugestões.\n\nVeja também: [Como prevenir o envelhecimento precoce da pele](https://maceladourada.com.br/como-prevenir-o-envelhecimento-precoce-da-pele)"
}
