{
  "date": "2021-03-24T03:13:52.800Z",
  "title": "Upgrade Energy - Suplemento que dá energia!\t",
  "thumbnail": "https://res.cloudinary.com/maceladourada/image/upload/v1617974618/upgrade-energy_ntywci.png",
  "description": "O suplemento alimentar líquido, Upgrade Energy, é um produto que visa levar energia para o corpo e para a mente, servindo para...",
  "body": "![](https://res.cloudinary.com/maceladourada/image/upload/v1617974618/upgrade-energy_ntywci.png)\n\nO suplemento alimentar líquido,[ Upgrade Energ](https://maceladourada.com.br/equaliv-upgrade-energy-473ml)y, é um produto que visa levar energia para o corpo e para a mente, servindo para atletas de alto impacto, pessoas que praticam exercícios físicos e até mesmo para quem precisa de mais concentração e energia, como estudantes.\n\nO produto é feito com 100% de C8, ácido caprílico de alta pureza, sendo uma fonte energética na sua forma mais pura, já que é feito de Triglicerídeos de Cadeia Média (TCM) provenientes de óleo de coco. Esses TCMs em sua forma pura produzem 4x mais cetonas do que o óleo de coco, proporcionando uma melhora da performance cerebral, de forma rápida e duradoura. Além disso, o produto contém 10x mais ácido caprílico do que o óleo de coco.\n\nMetabolizado de forma rápida e diferenciada pelo corpo, os TCMs são conduzidos diretamente para o fígado onde estimulam a criação de cetonas que são queimadas pelo organismo como combustível, potencializando a energia do corpo e da mente.\n\nDessa forma, o produto é uma ótima fonte energética, mesmo sem o consumo de carboidrato e sem aceleradores químicos. O produto também não eleva o colesterol, por ser metabolizado de forma diferente dos outros tipos de gorduras.\n\nO [Upgrade Energy](https://maceladourada.com.br/equaliv-upgrade-energy-473ml) pode ser utilizado como ingrediente em diversas preparações de café (puro para bulletproof coffee), chá, smoothies, shakes, saladas e melhores. Ele não conta com sabor e nem odor.\n\n**Onde Encontrar**\n\n[Upgrade energy](https://maceladourada.com.br/equaliv-upgrade-energy-473ml) você encontra na [Macela Dourada!](https://maceladourada.com.br/)\n\n[<<CLIQUE AQUI E ADQUIRA>>](https://maceladourada.com.br/equaliv-upgrade-energy-473ml)\n\nGostou do post? Entre em contato pelo [WhatsApp](https://linklist.bio/mcdlojas) para tirar dúvidas e nos enviar sugestões.\n\nFonte:\naonutricionista.com.br/",
  "sections": [
    {
      "type": "page-title",
      "title": "Upgrade Energy - Suplemento que dá energia!",
      "description": "O suplemento alimentar líquido, Upgrade Energy, é um produto que visa levar energia para o corpo e para a mente, servindo para atletas de alto impacto, pessoas que praticam exercícios físicos e até mesmo para quem precisa de mais concentração e energia, como estudantes."
    },
    {
      "type": "blog-post",
      "enabled": true
    }
  ]
}
