{
  "date": "2021-03-03T18:35:50.818Z",
  "title": "Você não resiste a guloseimas? 07 dicas para você controlar a compulsão por doces",
  "thumbnail": "https://res.cloudinary.com/maceladourada/image/upload/v1617974623/voce-nao-resiste-a-guloseimas-07-_qiekr6.png",
  "body": "![](https://res.cloudinary.com/maceladourada/image/upload/v1617974623/voce-nao-resiste-a-guloseimas-07-_qiekr6.png)\n\nSe existe uma coisa que muitas pessoas têm em comum é a compulsão por doces. As guloseimas são grandes responsáveis pelo fracasso das dietas, pois **interferem diretamente no acúmulo de gordura corporal.**\n\nQuando a vontade de doce se torna um vício, podem surgir problemas como ganho de peso e obesidade, além de piorar os sintomas de depressão, estresse, insônia, ansiedade, dores no corpo e desenvolvimento ou agravamento de diabetes\n\nVocê gostaria de diminuir sua vontade de comer doces? **Separei 07 dicas para te ajudar a controlar a compulsão por doces e ter resultados mais satisfatórios na sua dieta.**\n\n**Faça um Diário Alimentar**\n\nA melhor forma de saber se você está abusando na quantidade de doces ingerida é manter um diário alimentar. Anote tudo que você comeu durante o dia, inclusive os horários e a quantidade. Com isso você terá **consciência de que algo está fora de controle.**\n\n**Tome Bastante Água**\n\nSabemos que nosso corpo precisa de pelo menos dois litros de água por dia. O que talvez você não saiba é que às vezes **nosso cérebro confunde desidratação com fome.** Isso leva à vontade de comer coisas com excesso de açúcar e que prejudicam a saúde.\n\nDiante disso você pode apostar na água para auxiliar na perda de peso, por conta do impacto no metabolismo e na moderação do apetite. Vale lembrar que a água não substitui as refeições. **Sua função é impedir que você confunda os sinais do organismo e faça escolhas erradas** no momento de mudar seus hábitos.\n\n**Opte pelo Doce Certo**\n\nDoces feitos a partir de frutas e castanhas são os melhores, pois possuem fibras e gorduras boas que diminuem a velocidade com que o açúcar será absorvido no organismo. Isso quer dizer que a glicose vai demorar de ser liberada, **controlando o desejo por doces e prevenindo novos ataques.**\n\nSe você costuma ingerir doces em grandes quantidades, não adianta tentar cortar de vez, pois seu cérebro demora para se acostumar e pode aumentar ainda mais o desejo. O interessante é **se reeducar aos poucos,** diminuindo **gradativamente** e optando por alternativas **mais saudáveis.**\n\n**Controle sua ansiedade e estresse**\n\nA maioria das vezes em que nos encontramos em situações complicadas, que geram ansiedade e estresse, nos refugiamos em chocolates e guloseimas. Isso acontece pois os doces liberam uma sensação de bem-estar.\n\nEssa busca por prazer imediato pode ser causada por um desespero a nível emocional e, para adquirir um maior controle, vale a pena investir em **atividade física ou meditação.**\n\n**Não deixe faltar nutrientes em sua dieta**\n\nEncontrar suplementos naturais que ajudam a inibir o desejo por doces poderá ser o **ponto crucial no emagrecimento.** Se seu organismo é carente de nutrientes, ele tende a enfrentar d**ificuldades para abandonar o açúcar.**\n\nExistem fórmulas que são desenvolvidas para reduzir o desejo por doces e controlar a compulsão alimenta**r.** Essa pode ser uma estratégia muito eficiente. Bons exemplos de fitoterápicos com essas propriedades incluem:\n\n* [Crocus sativus (açafrão);](https://maceladourada.com.br/crocus-sativus-90mg-60-capsulas)\n* [Composto Antidoces (Garcinia cambogia, Griffonia simplicifolia, Gymnema Silvestre, Magnolia Officinalis);](https://maceladourada.com.br/search?q=composto+antidoces&x=0&y=0)\n* [Spray Sacietógeno Antidoce (Gymnema Sylvestre, Xilitol)](https://maceladourada.com.br/spray-sacietogeno-antidoce-30ml)\n\n**Onde encontrar**\n\n[Todos esses produtos você encontra nesse link.](https://maceladourada.com.br/emagrecedores)\n\n**Conclusão**\n\nMudar a educação alimentar às vezes pode não ser uma tarefa fácil. Porém, a **persistência somada a todas essas dicas é o que fará diferença em sua dieta.**\n\nVale lembrar que não adianta controlar o açúcar e descontar em outros alimentos. **Deixar de comer doces faz parte de um objetivo maior, sua saúde.**  Pense em **todas as estratégias** em conjunto para estimular **bons resultados.**\n\nVimos que às vezes uma alimentação balanceada não é suficiente e que existem outras ações que colaboram para alcançar seus objetivos. **Consulte o Médico, Farmacêutico ou Nutricionista de sua confiança.** Isso permitirá que os resultados se mostrem de maneira duradoura e eficaz, além de evitar o famoso efeito sanfona.\n\nGostou do post? Entre em contato pelo whatsapp para tirar suas dúvidas e nos enviar sugestões[](https://linklist.bio/mcdlojas). [Clique aqui.](https://linklist.bio/mcdlojas)\n\n[Clique aqui para acessar nossa Loja Virtual](https://maceladourada.com.br/)\n\n[](https://maceladourada.com.br/)",
  "sections": [
    {
      "type": "page-title",
      "title": "Você não resiste a guloseimas? 07 dicas para você controlar a compulsão por doces",
      "description": "Se existe uma coisa que muitas pessoas têm em comum é a compulsão por doces. As guloseimas são grandes responsáveis pelo fracasso das dietas, pois **interferem diretamente no acúmulo de gordura corporal.**"
    },
    {
      "type": "blog-post",
      "enabled": true
    }
  ],
  "description": "Se existe uma coisa que muitas pessoas têm em comum é a compulsão por doces. As guloseimas são grandes responsáveis pelo..."
}
