{
  "description": {
    "title": "Atendimento",
    "text": "<strong>Vitória da Conquista - Matriz</strong> <br/> <i class=\"fa fa-phone\"></i> (77) 3423-8646 | <i class=\"fab fa-whatsapp\"></i> (77) 99943-0418 <strong><br>Vitória da Conquista Loja II</strong> <br/> <i class=\"fa fa-phone\"></i> (77) 3423-8640 | <i class=\"fab fa-whatsapp\"></i> (77) 99943-0416 <strong><br>Itapetinga</strong> <br/> <i class=\"fa fa-phone\"></i> (77) 3261-3222 | <i class=\"fab fa-whatsapp\"></i> (77) 99943-0116 <strong><br>Jequié</strong> <br/> <i class=\"fa fa-phone\"></i> (73) 3526-9555 | <i class=\"fab fa-whatsapp\"></i> (73) 99167-4549 <strong><br>Ipiaú</strong> <br/> <i class=\"fa fa-phone\"></i> (73) 3531-3171 | <i class=\"fab fa-whatsapp\"></i> (73) 99101-9201 <strong><br>Jaguaquara</strong> <br/> <i class=\"fa fa-phone\"></i> (73) 3534-1599 | <i class=\"fab fa-whatsapp\"></i> (73) 98856-1814 </br><i class=\"fa fa-envelope\"> </i> pedidosvdc@maceladourada.com.br<br/>Horário de Funcionamento: Seg. a Sex: 07:30 às 18:30 Sábados: 08:00 às 12:30 (feriados e datas comemorativas esse horário pode ser alterado)."
  },
  "links_1": {
    "list_pages": true,
    "title": "Informações",
    "list": []
  },
  "links_2": {
    "list_categories": true,
    "title": "Categorias",
    "list": []
  },
  "contacts": {
    "title": "Contatos",
    "phone_wpp": true,
    "socials": true,
    "email": true,
    "address": true
  },
  "stamps": [
    {
      "src": "https://res.cloudinary.com/maceladourada/image/upload/v1617974613/ssl-safe_bcjfbe.png",
      "alt": "Secure connection"
    }
  ],
  "payment_methods": {
    "bb": false,
    "visa": true,
    "boleto": true,
    "aura": false,
    "banrisul": false,
    "elo": true,
    "hipercard": true,
    "hsbc": false,
    "bradesco": false,
    "santander": false,
    "mastercard": true,
    "citibank": false,
    "mais": false,
    "itau": false
  },
  "credits": "Macela Dourada Farmácia de Manipulação LTDA - CNPJ: 03.703.233/0001-49 © Todos os direitos reservados | Farmacêutica Responsável: Laís Alana Ribas Dacttes - CRF-BA: 6918"
}