{
  "marketing_stripe": {
    "text": "Receba um desconto especial!",
    "link": "https://www.subscribepage.com/cadastromcd",
    "background": "#083c37",
    "color": "#ffffff"
  },
  "contacts_stripe": {
    "pages": [
      {
        "title": "Blog",
        "link": "/blog"
      },
      {
        "title": "Fale conosco",
        "link": "/pages/contato"
      }
    ],
    "phone_wpp": false,
    "socials": false
  },
  "categories_list": {
    "featured": [
      "/imunidade?Imunidade",
      "/promocoes?Promoções",
      "/adatina?Ada Tina",
      "/manipulados?Manipulados",
      "/saude?Saúde",
      "/esporte?Esporte",
      "/beleza?Beleza",
      "/antialergicos?Para alérgicos"
    ],
    "random": 8,
    "full_width": true
  },
  "search_input": true
}