{
  "meta_title": "Macela Dourada - Farmácia de Manipulação",
  "meta_description": "Desde 1996 a Macela Dourada busca restabelecer e promover a saúde dos clientes através do fornecimento de produtos de qualidade e eficácia comprovadas.",
  "sections": [
    {
      "type": "banner-slider",
      "autoplay": 9000,
      "slides": [
        {
          "start": "",
          "end": "",
          "img": "https://res.cloudinary.com/maceladourada/image/upload/v1617974587/baixe-o-aplicaivo-macela_bwhzhk.png",
          "mobile_img": "https://res.cloudinary.com/maceladourada/image/upload/v1617974588/baixe-app-mobile_wdzw09.png",
          "link": "https://maceladourada.netlify.app/baixe-o-aplicativo"
        },
        {
          "start": "",
          "end": "",
          "img": "https://res.cloudinary.com/maceladourada/image/upload/v1617974597/mais-saude-articulacao_izx8z8.png",
          "link": "https://maceladourada.netlify.app/articulacoes-e-dores",
          "mobile_img": "https://res.cloudinary.com/maceladourada/image/upload/v1617974597/mais-saude-articulacao-mobile_bkdwk0.png"
        }
      ]
    },
    {
      "type": "info-bar",
      "enabled": true
    },
    {
      "type": "custom-html",
      "html": "Categorias mais acessadas:"
    },
    {
      "type": "banners-grid",
      "banners": [
        {
          "img": "https://res.cloudinary.com/maceladourada/image/upload/v1617974606/protecao_e_imunidade_q22kyt.png",
          "link": "https://maceladourada.netlify.app/imunidade"
        },
        {
          "img": "https://res.cloudinary.com/maceladourada/image/upload/v1617974564/cabelos_o0loii.png",
          "link": "https://maceladourada.netlify.app/crescimento-capilar"
        },
        {
          "img": "https://res.cloudinary.com/maceladourada/image/upload/v1617974585/florais_bmzahq.png",
          "link": "https://maceladourada.netlify.app/terapia-floral"
        },
        {
          "img": "https://res.cloudinary.com/maceladourada/image/upload/v1617974581/emagrecimento_rp1r4u.png",
          "link": "https://maceladourada.netlify.app/emagrecedores"
        }
      ]
    },
    {
      "type": "collection-shelf",
      "shuffle": true,
      "limit": "",
      "page": "",
      "collection_id": "6035d6ca9332dd6865dcc7ee:categories:Imunidade:/imunidade",
      "title": "Imunidade 💪"
    },
    {
      "type": "collection-shelf",
      "shuffle": true,
      "limit": "",
      "page": "",
      "title": "Mais vendidos ✅",
      "sort": "sales",
      "collection_id": null
    },
    {
      "type": "collection-shelf",
      "shuffle": true,
      "collection_id": "5ffc981369274c73fcf39948:categories:Promoções:/promocoes",
      "limit": "",
      "page": "",
      "sort": "offers",
      "title": "Promoções! 🛍️",
      "link": "https://maceladourada.netlify.app/promocoes"
    },
    {
      "type": "collection-shelf",
      "shuffle": false,
      "limit": "",
      "page": "",
      "collection_id": "604c0901a735d032cbba2ae3:categories:Terapia Floral:/terapia-floral",
      "title": "Florais 🌺"
    },
    {
      "type": "collection-shelf",
      "shuffle": true,
      "limit": "",
      "page": "",
      "collection_id": "5ffc982469274c73fcf39952:categories:Ada Tina:/adatina",
      "title": "Ada Tina 🧴"
    },
    {
      "type": "custom-html",
      "html": "<H2 style=\"text-align: center\"><a href=\"/blog\">Confira nosso Blog:</a></H2>\n<div class=\"blog my-4 my-lg-5\">\n    <div class=\"container\">\n        <div class=\"row\">\n            <div class=\"col col-md-6 col-lg-4\">\n                <div class=\"card\"><a href=\"/posts/como-tratar-o-esgotamento-fisico-e-mental\"><img\n                            src=\"https://res.cloudinary.com/maceladourada/image/upload/v1617974572/como-tratar-o-esgotamento-fisico-e-mental-_v6nlbl.jpg\" class=\"card-img-top\" alt=\"Como tratar o esgotamento físico e mental\"></a>\n                    <div class=\"card-body\">\n                        <h5 class=\"card-title\"><a href=\"/posts/como-tratar-o-esgotamento-fisico-e-mental\">Como tratar o esgotamento físico e mental</a></h5>\n                        <p class=\"card-text\"></p>\n                    </div>\n                </div>\n            </div>\n            <div class=\"col col-md-6 col-lg-4\">\n                <div class=\"card\"><a href=\"/posts/modulacao-intestinal-entrevista-exclusiva-com-o-murilo-pereira\"><img src=\"https://res.cloudinary.com/maceladourada/image/upload/v1617974599/murilo-macela-dourada-_eolvzf.jpg\"\n                            class=\"card-img-top\" alt=\"Modulação Intestinal - Entrevista exclusiva com o Murilo Pereira\"></a>\n                    <div class=\"card-body\">\n                        <h5 class=\"card-title\"><a href=\"/posts/modulacao-intestinal-entrevista-exclusiva-com-o-murilo-pereira\">Modulação Intestinal - Entrevista exclusiva com o Murilo Pereira</a></h5>\n                        <p class=\"card-text\"></p>\n                    </div>\n                </div>\n            </div>\n            <div class=\"col col-md-6 col-lg-4\">\n                <div class=\"card\"><a href=\"/posts/como-conseguir-cabelos-longos-ondulados\"><img src=\"https://res.cloudinary.com/maceladourada/image/upload/v1617974570/como-conseguir-cabelos-longos-ondulados-1-_ufzhxn.png\"\n                            class=\"card-img-top\" alt=\"Como conseguir cabelos longos ondulados\"></a>\n                    <div class=\"card-body\">\n                        <h5 class=\"card-title\"><a href=\"/posts/como-conseguir-cabelos-longos-ondulados\">Como conseguir cabelos longos ondulados</a></h5>\n                        <p class=\"card-text\"></p>\n                    </div>\n                </div>\n            </div>\n            <div class=\"col col-md-6 col-lg-4\">\n                <div class=\"card\"><a href=\"/posts/7-beneficios-de-um-sono-de-qualidade\"><img src=\"https://res.cloudinary.com/maceladourada/image/upload/v1617974593/beneficios-do-sono_cm1e8d.png\"\n                            class=\"card-img-top\" alt=\"7 benefícios de um sono de qualidade\"></a>\n                    <div class=\"card-body\">\n                        <h5 class=\"card-title\"><a href=\"/posts/7-beneficios-de-um-sono-de-qualidade\">7 benefícios de um sono de qualidade</a>\n                        </h5>\n                        <p class=\"card-text\"></p>\n                    </div>\n                </div>\n            </div>\n        </div>\n    </div>\n</div>\n<a href=\"/blog\">( Ver todos os posts )</a>\n</br>"
    },
    {
      "type": "custom-html",
      "html": "<style type=\"text/css\">\n  @import url(https://static.mailerlite.com/assets/plugins/groot/modules/includes/groot_fonts/import.css?version=1615383);\n</style>\n<style type=\"text/css\">\n  .ml-form-embedSubmitLoad{display:inline-block;width:20px;height:20px}.sr-only{position:absolute;width:1px;height:1px;padding:0;margin:-1px;overflow:hidden;clip:rect(0,0,0,0);border:0}.ml-form-embedSubmitLoad:after{content:\" \";display:block;width:11px;height:11px;margin:1px;border-radius:50%;border:4px solid #fff;border-color:#fff #fff #fff transparent;animation:ml-form-embedSubmitLoad 1.2s linear infinite}@keyframes ml-form-embedSubmitLoad{0%{transform:rotate(0)}100%{transform:rotate(360deg)}}#mlb2-3689023.ml-form-embedContainer{box-sizing:border-box;display:table;margin:0 auto;position:static;width:100%!important}#mlb2-3689023.ml-form-embedContainer button,#mlb2-3689023.ml-form-embedContainer h4,#mlb2-3689023.ml-form-embedContainer p,#mlb2-3689023.ml-form-embedContainer span{text-transform:none!important;letter-spacing:normal!important}#mlb2-3689023.ml-form-embedContainer .ml-form-embedWrapper{background-color:#f8f9fa;border-width:0;border-color:transparent;border-radius:4px;border-style:solid;box-sizing:border-box;display:inline-block!important;margin:0;padding:0;position:relative}#mlb2-3689023.ml-form-embedContainer .ml-form-embedWrapper.embedDefault,#mlb2-3689023.ml-form-embedContainer .ml-form-embedWrapper.embedPopup{width:100%}#mlb2-3689023.ml-form-embedContainer .ml-form-embedWrapper.embedForm{max-width:100%;width:100%}#mlb2-3689023.ml-form-embedContainer .ml-form-align-left{text-align:left}#mlb2-3689023.ml-form-embedContainer .ml-form-align-center{text-align:center}#mlb2-3689023.ml-form-embedContainer .ml-form-align-default{display:table-cell!important;vertical-align:middle!important;text-align:center!important}#mlb2-3689023.ml-form-embedContainer .ml-form-align-right{text-align:right}#mlb2-3689023.ml-form-embedContainer .ml-form-embedWrapper .ml-form-embedHeader img{border-top-left-radius:4px;border-top-right-radius:4px;height:auto;margin:0 auto!important;max-width:100%;width:undefinedpx}#mlb2-3689023.ml-form-embedContainer .ml-form-embedWrapper .ml-form-embedBody,#mlb2-3689023.ml-form-embedContainer .ml-form-embedWrapper .ml-form-successBody{padding:20px 20px 0 20px}#mlb2-3689023.ml-form-embedContainer .ml-form-embedWrapper .ml-form-embedBody.ml-form-embedBodyHorizontal{padding-bottom:0}#mlb2-3689023.ml-form-embedContainer .ml-form-embedWrapper .ml-form-embedBody .ml-form-embedContent,#mlb2-3689023.ml-form-embedContainer .ml-form-embedWrapper .ml-form-successBody .ml-form-successContent{text-align:left;margin:0 0 20px 0}#mlb2-3689023.ml-form-embedContainer .ml-form-embedWrapper .ml-form-embedBody .ml-form-embedContent h4,#mlb2-3689023.ml-form-embedContainer .ml-form-embedWrapper .ml-form-successBody .ml-form-successContent h4{color:#007062;font-family:Montserrat,sans-serif;font-size:30px;font-weight:400;margin:0 0 10px 0;text-align:left;word-break:break-word}#mlb2-3689023.ml-form-embedContainer .ml-form-embedWrapper .ml-form-embedBody .ml-form-embedContent p,#mlb2-3689023.ml-form-embedContainer .ml-form-embedWrapper .ml-form-successBody .ml-form-successContent p{color:#000;font-family:Montserrat,sans-serif;font-size:14px;font-weight:400;line-height:20px;margin:0 0 10px 0;text-align:left}#mlb2-3689023.ml-form-embedContainer .ml-form-embedWrapper .ml-form-embedBody .ml-form-embedContent ol,#mlb2-3689023.ml-form-embedContainer .ml-form-embedWrapper .ml-form-embedBody .ml-form-embedContent ul,#mlb2-3689023.ml-form-embedContainer .ml-form-embedWrapper .ml-form-successBody .ml-form-successContent ol,#mlb2-3689023.ml-form-embedContainer .ml-form-embedWrapper .ml-form-successBody .ml-form-successContent ul{color:#000;font-family:Montserrat,sans-serif;font-size:14px}#mlb2-3689023.ml-form-embedContainer .ml-form-embedWrapper .ml-form-embedBody .ml-form-embedContent ol ol,#mlb2-3689023.ml-form-embedContainer .ml-form-embedWrapper .ml-form-successBody .ml-form-successContent ol ol{list-style-type:lower-alpha}#mlb2-3689023.ml-form-embedContainer .ml-form-embedWrapper .ml-form-embedBody .ml-form-embedContent ol ol ol,#mlb2-3689023.ml-form-embedContainer .ml-form-embedWrapper .ml-form-successBody .ml-form-successContent ol ol ol{list-style-type:lower-roman}#mlb2-3689023.ml-form-embedContainer .ml-form-embedWrapper .ml-form-embedBody .ml-form-embedContent p a,#mlb2-3689023.ml-form-embedContainer .ml-form-embedWrapper .ml-form-successBody .ml-form-successContent p a{color:#000;text-decoration:underline}#mlb2-3689023.ml-form-embedContainer .ml-form-embedWrapper .ml-block-form .ml-field-group{text-align:left!important}#mlb2-3689023.ml-form-embedContainer .ml-form-embedWrapper .ml-block-form .ml-field-group label{margin-bottom:5px;color:#333;font-size:14px;font-family:Montserrat,sans-serif;font-weight:700;font-style:normal;text-decoration:none;display:inline-block;line-height:20px}#mlb2-3689023.ml-form-embedContainer .ml-form-embedWrapper .ml-form-embedBody .ml-form-embedContent p:last-child,#mlb2-3689023.ml-form-embedContainer .ml-form-embedWrapper .ml-form-successBody .ml-form-successContent p:last-child{margin:0}#mlb2-3689023.ml-form-embedContainer .ml-form-embedWrapper .ml-form-embedBody form{margin:0;width:100%}#mlb2-3689023.ml-form-embedContainer .ml-form-embedWrapper .ml-form-embedBody .ml-form-checkboxRow,#mlb2-3689023.ml-form-embedContainer .ml-form-embedWrapper .ml-form-embedBody .ml-form-formContent{margin:0 0 20px 0;width:100%}#mlb2-3689023.ml-form-embedContainer .ml-form-embedWrapper .ml-form-embedBody .ml-form-checkboxRow{float:left}#mlb2-3689023.ml-form-embedContainer .ml-form-embedWrapper .ml-form-embedBody .ml-form-formContent.horozintalForm{margin:0;padding:0 0 20px 0;width:100%;height:auto;float:left}#mlb2-3689023.ml-form-embedContainer .ml-form-embedWrapper .ml-form-embedBody .ml-form-fieldRow{margin:0 0 10px 0;width:100%}#mlb2-3689023.ml-form-embedContainer .ml-form-embedWrapper .ml-form-embedBody .ml-form-fieldRow.ml-last-item{margin:0}#mlb2-3689023.ml-form-embedContainer .ml-form-embedWrapper .ml-form-embedBody .ml-form-fieldRow.ml-formfieldHorizintal{margin:0}#mlb2-3689023.ml-form-embedContainer .ml-form-embedWrapper .ml-form-embedBody .ml-form-fieldRow input{background-color:#fff!important;color:#333!important;border-color:#ccc;border-radius:4px!important;border-style:solid!important;border-width:1px!important;font-family:Montserrat,sans-serif;font-size:14px!important;height:auto;line-height:21px!important;margin-bottom:0;margin-top:0;margin-left:0;margin-right:0;padding:20px 10px!important;width:100%!important;box-sizing:border-box!important;max-width:100%!important}#mlb2-3689023.ml-form-embedContainer .ml-form-embedWrapper .ml-form-embedBody .ml-form-fieldRow input::-webkit-input-placeholder,#mlb2-3689023.ml-form-embedContainer .ml-form-embedWrapper .ml-form-embedBody .ml-form-horizontalRow input::-webkit-input-placeholder{color:#333}#mlb2-3689023.ml-form-embedContainer .ml-form-embedWrapper .ml-form-embedBody .ml-form-fieldRow input::-moz-placeholder,#mlb2-3689023.ml-form-embedContainer .ml-form-embedWrapper .ml-form-embedBody .ml-form-horizontalRow input::-moz-placeholder{color:#333}#mlb2-3689023.ml-form-embedContainer .ml-form-embedWrapper .ml-form-embedBody .ml-form-fieldRow input:-ms-input-placeholder,#mlb2-3689023.ml-form-embedContainer .ml-form-embedWrapper .ml-form-embedBody .ml-form-horizontalRow input:-ms-input-placeholder{color:#333}#mlb2-3689023.ml-form-embedContainer .ml-form-embedWrapper .ml-form-embedBody .ml-form-fieldRow input:-moz-placeholder,#mlb2-3689023.ml-form-embedContainer .ml-form-embedWrapper .ml-form-embedBody .ml-form-horizontalRow input:-moz-placeholder{color:#333}#mlb2-3689023.ml-form-embedContainer .ml-form-embedWrapper .ml-form-embedBody .ml-form-fieldRow textarea,#mlb2-3689023.ml-form-embedContainer .ml-form-embedWrapper .ml-form-embedBody .ml-form-horizontalRow textarea{background-color:#fff!important;color:#333!important;border-color:#ccc!important;border-radius:4px!important;border-style:solid!important;border-width:1px!important;font-family:Montserrat,sans-serif;font-size:14px!important;height:auto;line-height:21px!important;margin-bottom:0;margin-top:0;padding:20px 10px!important;width:100%!important;box-sizing:border-box!important;max-width:100%!important}#mlb2-3689023.ml-form-embedContainer .ml-form-embedWrapper .ml-form-embedBody .ml-form-checkboxRow .label-description::before,#mlb2-3689023.ml-form-embedContainer .ml-form-embedWrapper .ml-form-embedBody .ml-form-embedPermissions .ml-form-embedPermissionsOptionsCheckbox .label-description::before,#mlb2-3689023.ml-form-embedContainer .ml-form-embedWrapper .ml-form-embedBody .ml-form-fieldRow .custom-checkbox .custom-control-label::before,#mlb2-3689023.ml-form-embedContainer .ml-form-embedWrapper .ml-form-embedBody .ml-form-fieldRow .custom-radio .custom-control-label::before,#mlb2-3689023.ml-form-embedContainer .ml-form-embedWrapper .ml-form-embedBody .ml-form-horizontalRow .custom-checkbox .custom-control-label::before,#mlb2-3689023.ml-form-embedContainer .ml-form-embedWrapper .ml-form-embedBody .ml-form-horizontalRow .custom-radio .custom-control-label::before,#mlb2-3689023.ml-form-embedContainer .ml-form-embedWrapper .ml-form-embedBody .ml-form-interestGroupsRow .ml-form-interestGroupsRowCheckbox .label-description::before{border-color:#ccc!important;background-color:#fff!important}#mlb2-3689023.ml-form-embedContainer .ml-form-embedWrapper .ml-form-embedBody .ml-form-fieldRow input.custom-control-input[type=checkbox]{box-sizing:border-box;padding:0;position:absolute;z-index:-1;opacity:0;margin-top:5px;margin-left:-24px;overflow:visible}#mlb2-3689023.ml-form-embedContainer .ml-form-embedWrapper .ml-form-embedBody .ml-form-checkboxRow .label-description::before,#mlb2-3689023.ml-form-embedContainer .ml-form-embedWrapper .ml-form-embedBody .ml-form-embedPermissions .ml-form-embedPermissionsOptionsCheckbox .label-description::before,#mlb2-3689023.ml-form-embedContainer .ml-form-embedWrapper .ml-form-embedBody .ml-form-fieldRow .custom-checkbox .custom-control-label::before,#mlb2-3689023.ml-form-embedContainer .ml-form-embedWrapper .ml-form-embedBody .ml-form-horizontalRow .custom-checkbox .custom-control-label::before,#mlb2-3689023.ml-form-embedContainer .ml-form-embedWrapper .ml-form-embedBody .ml-form-interestGroupsRow .ml-form-interestGroupsRowCheckbox .label-description::before{border-radius:4px!important}#mlb2-3689023.ml-form-embedContainer .ml-form-embedWrapper .ml-form-embedBody .ml-form-checkboxRow input[type=checkbox]:checked~.label-description::after,#mlb2-3689023.ml-form-embedContainer .ml-form-embedWrapper .ml-form-embedBody .ml-form-embedPermissions .ml-form-embedPermissionsOptionsCheckbox input[type=checkbox]:checked~.label-description::after,#mlb2-3689023.ml-form-embedContainer .ml-form-embedWrapper .ml-form-embedBody .ml-form-fieldRow .custom-checkbox .custom-control-input:checked~.custom-control-label::after,#mlb2-3689023.ml-form-embedContainer .ml-form-embedWrapper .ml-form-embedBody .ml-form-horizontalRow .custom-checkbox .custom-control-input:checked~.custom-control-label::after,#mlb2-3689023.ml-form-embedContainer .ml-form-embedWrapper .ml-form-embedBody .ml-form-interestGroupsRow .ml-form-interestGroupsRowCheckbox input[type=checkbox]:checked~.label-description::after{background-color:#fff;mask-image:url(https://cdn.mailerlite.com/images/default/arrow.svg);-webkit-mask-image:url(https://cdn.mailerlite.com/images/default/arrow.svg)}#mlb2-3689023.ml-form-embedContainer .ml-form-embedWrapper .ml-form-embedBody .ml-form-fieldRow .custom-radio .custom-control-input:checked~.custom-control-label::after{background-color:#fff;mask-image:url(https://cdn.mailerlite.com/images/default/circle.svg);-webkit-mask-image:url(https://cdn.mailerlite.com/images/default/circle.svg)}#mlb2-3689023.ml-form-embedContainer .ml-form-embedWrapper .ml-form-embedBody .ml-form-checkboxRow input[type=checkbox]:checked~.label-description::before,#mlb2-3689023.ml-form-embedContainer .ml-form-embedWrapper .ml-form-embedBody .ml-form-embedPermissions .ml-form-embedPermissionsOptionsCheckbox input[type=checkbox]:checked~.label-description::before,#mlb2-3689023.ml-form-embedContainer .ml-form-embedWrapper .ml-form-embedBody .ml-form-fieldRow .custom-checkbox .custom-control-input:checked~.custom-control-label::before,#mlb2-3689023.ml-form-embedContainer .ml-form-embedWrapper .ml-form-embedBody .ml-form-fieldRow .custom-radio .custom-control-input:checked~.custom-control-label::before,#mlb2-3689023.ml-form-embedContainer .ml-form-embedWrapper .ml-form-embedBody .ml-form-horizontalRow .custom-checkbox .custom-control-input:checked~.custom-control-label::before,#mlb2-3689023.ml-form-embedContainer .ml-form-embedWrapper .ml-form-embedBody .ml-form-horizontalRow .custom-radio .custom-control-input:checked~.custom-control-label::before,#mlb2-3689023.ml-form-embedContainer .ml-form-embedWrapper .ml-form-embedBody .ml-form-interestGroupsRow .ml-form-interestGroupsRowCheckbox input[type=checkbox]:checked~.label-description::before{border-color:#d19e3c!important;background-color:#d19e3c!important;color:#fff!important}#mlb2-3689023.ml-form-embedContainer .ml-form-embedWrapper .ml-form-embedBody .ml-form-fieldRow .custom-checkbox .custom-control-label::after,#mlb2-3689023.ml-form-embedContainer .ml-form-embedWrapper .ml-form-embedBody .ml-form-fieldRow .custom-checkbox .custom-control-label::before,#mlb2-3689023.ml-form-embedContainer .ml-form-embedWrapper .ml-form-embedBody .ml-form-fieldRow .custom-radio .custom-control-label::after,#mlb2-3689023.ml-form-embedContainer .ml-form-embedWrapper .ml-form-embedBody .ml-form-fieldRow .custom-radio .custom-control-label::before,#mlb2-3689023.ml-form-embedContainer .ml-form-embedWrapper .ml-form-embedBody .ml-form-horizontalRow .custom-checkbox .custom-control-label::after,#mlb2-3689023.ml-form-embedContainer .ml-form-embedWrapper .ml-form-embedBody .ml-form-horizontalRow .custom-checkbox .custom-control-label::before,#mlb2-3689023.ml-form-embedContainer .ml-form-embedWrapper .ml-form-embedBody .ml-form-horizontalRow .custom-radio .custom-control-label::after,#mlb2-3689023.ml-form-embedContainer .ml-form-embedWrapper .ml-form-embedBody .ml-form-horizontalRow .custom-radio .custom-control-label::before{top:2;box-sizing:border-box}#mlb2-3689023.ml-form-embedContainer .ml-form-embedWrapper .ml-form-embedBody .ml-form-checkboxRow .label-description::after,#mlb2-3689023.ml-form-embedContainer .ml-form-embedWrapper .ml-form-embedBody .ml-form-checkboxRow .label-description::before,#mlb2-3689023.ml-form-embedContainer .ml-form-embedWrapper .ml-form-embedBody .ml-form-embedPermissions .ml-form-embedPermissionsOptionsCheckbox .label-description::after,#mlb2-3689023.ml-form-embedContainer .ml-form-embedWrapper .ml-form-embedBody .ml-form-embedPermissions .ml-form-embedPermissionsOptionsCheckbox .label-description::before{top:0!important;box-sizing:border-box!important}#mlb2-3689023.ml-form-embedContainer .ml-form-embedWrapper .ml-form-embedBody .ml-form-checkboxRow .label-description::after,#mlb2-3689023.ml-form-embedContainer .ml-form-embedWrapper .ml-form-embedBody .ml-form-checkboxRow .label-description::before{top:0!important;box-sizing:border-box!important}#mlb2-3689023.ml-form-embedContainer .ml-form-embedWrapper .ml-form-embedBody .ml-form-interestGroupsRow .ml-form-interestGroupsRowCheckbox .label-description::after{top:3px!important;box-sizing:border-box!important;position:absolute;left:-21px;display:block;width:10px;height:10px;content:\"\"}#mlb2-3689023.ml-form-embedContainer .ml-form-embedWrapper .ml-form-embedBody .ml-form-interestGroupsRow .ml-form-interestGroupsRowCheckbox .label-description::before{top:0!important;box-sizing:border-box!important}#mlb2-3689023.ml-form-embedContainer .ml-form-embedWrapper .ml-form-embedBody .custom-control-label::before{position:absolute;top:4px;left:-24px;display:block;width:16px;height:16px;pointer-events:none;content:\"\";background-color:#fff;border:#adb5bd solid 1px;border-radius:50%}#mlb2-3689023.ml-form-embedContainer .ml-form-embedWrapper .ml-form-embedBody .custom-control-label::after{position:absolute;top:5px!important;left:-21px;display:block;width:10px;height:10px;content:\"\"}#mlb2-3689023.ml-form-embedContainer .ml-form-embedWrapper .ml-form-embedBody .ml-form-checkboxRow .label-description::before,#mlb2-3689023.ml-form-embedContainer .ml-form-embedWrapper .ml-form-embedBody .ml-form-embedPermissions .ml-form-embedPermissionsOptionsCheckbox .label-description::before,#mlb2-3689023.ml-form-embedContainer .ml-form-embedWrapper .ml-form-embedBody .ml-form-interestGroupsRow .ml-form-interestGroupsRowCheckbox .label-description::before{position:absolute;top:4px;left:-24px;display:block;width:16px;height:16px;pointer-events:none;content:\"\";background-color:#fff;border:#adb5bd solid 1px;border-radius:50%}#mlb2-3689023.ml-form-embedContainer .ml-form-embedWrapper .ml-form-embedBody .ml-form-embedPermissions .ml-form-embedPermissionsOptionsCheckbox .label-description::after{position:absolute;top:3px!important;left:-21px;display:block;width:10px;height:10px;content:\"\"}#mlb2-3689023.ml-form-embedContainer .ml-form-embedWrapper .ml-form-embedBody .ml-form-checkboxRow .label-description::after{position:absolute;top:3px!important;left:-21px;display:block;width:10px;height:10px;content:\"\"}#mlb2-3689023.ml-form-embedContainer .ml-form-embedWrapper .ml-form-embedBody .custom-radio .custom-control-label::after{background:no-repeat 50%/50% 50%}#mlb2-3689023.ml-form-embedContainer .ml-form-embedWrapper .ml-form-embedBody .custom-checkbox .custom-control-label::after,#mlb2-3689023.ml-form-embedContainer .ml-form-embedWrapper .ml-form-embedBody .ml-form-checkboxRow .label-description::after,#mlb2-3689023.ml-form-embedContainer .ml-form-embedWrapper .ml-form-embedBody .ml-form-embedPermissions .ml-form-embedPermissionsOptionsCheckbox .label-description::after,#mlb2-3689023.ml-form-embedContainer .ml-form-embedWrapper .ml-form-embedBody .ml-form-interestGroupsRow .ml-form-interestGroupsRowCheckbox .label-description::after{background:no-repeat 50%/50% 50%}#mlb2-3689023.ml-form-embedContainer .ml-form-embedWrapper .ml-form-embedBody .ml-form-fieldRow .custom-control,#mlb2-3689023.ml-form-embedContainer .ml-form-embedWrapper .ml-form-embedBody .ml-form-horizontalRow .custom-control{position:relative;display:block;min-height:1.5rem;padding-left:1.5rem}#mlb2-3689023.ml-form-embedContainer .ml-form-embedWrapper .ml-form-embedBody .ml-form-fieldRow .custom-checkbox .custom-control-input,#mlb2-3689023.ml-form-embedContainer .ml-form-embedWrapper .ml-form-embedBody .ml-form-fieldRow .custom-radio .custom-control-input,#mlb2-3689023.ml-form-embedContainer .ml-form-embedWrapper .ml-form-embedBody .ml-form-horizontalRow .custom-checkbox .custom-control-input,#mlb2-3689023.ml-form-embedContainer .ml-form-embedWrapper .ml-form-embedBody .ml-form-horizontalRow .custom-radio .custom-control-input{position:absolute;z-index:-1;opacity:0;box-sizing:border-box;padding:0}#mlb2-3689023.ml-form-embedContainer .ml-form-embedWrapper .ml-form-embedBody .ml-form-fieldRow .custom-checkbox .custom-control-label,#mlb2-3689023.ml-form-embedContainer .ml-form-embedWrapper .ml-form-embedBody .ml-form-fieldRow .custom-radio .custom-control-label,#mlb2-3689023.ml-form-embedContainer .ml-form-embedWrapper .ml-form-embedBody .ml-form-horizontalRow .custom-checkbox .custom-control-label,#mlb2-3689023.ml-form-embedContainer .ml-form-embedWrapper .ml-form-embedBody .ml-form-horizontalRow .custom-radio .custom-control-label{color:#000;font-size:12px!important;font-family:Montserrat,sans-serif;line-height:22px;margin-bottom:0;position:relative;vertical-align:top;font-style:normal;font-weight:700}#mlb2-3689023.ml-form-embedContainer .ml-form-embedWrapper .ml-form-embedBody .ml-form-fieldRow .custom-select,#mlb2-3689023.ml-form-embedContainer .ml-form-embedWrapper .ml-form-embedBody .ml-form-horizontalRow .custom-select{background-color:#fff!important;color:#333!important;border-color:#ccc!important;border-radius:4px!important;border-style:solid!important;border-width:1px!important;font-family:Montserrat,sans-serif;font-size:14px!important;line-height:20px!important;margin-bottom:0;margin-top:0;padding:10px 28px 10px 12px!important;width:100%!important;box-sizing:border-box!important;max-width:100%!important;height:auto;display:inline-block;vertical-align:middle;background:url(https://cdn.mailerlite.com/images/default/dropdown.svg) no-repeat right .75rem center/8px 10px;-webkit-appearance:none;-moz-appearance:none;appearance:none}#mlb2-3689023.ml-form-embedContainer .ml-form-embedWrapper .ml-form-embedBody .ml-form-horizontalRow{height:auto;width:100%;float:left}.ml-form-formContent.horozintalForm .ml-form-horizontalRow .ml-input-horizontal{width:70%;float:left}.ml-form-formContent.horozintalForm .ml-form-horizontalRow .ml-button-horizontal{width:30%;float:left}.ml-form-formContent.horozintalForm .ml-form-horizontalRow .ml-button-horizontal.labelsOn{padding-top:25px}.ml-form-formContent.horozintalForm .ml-form-horizontalRow .horizontal-fields{box-sizing:border-box;float:left;padding-right:10px}#mlb2-3689023.ml-form-embedContainer .ml-form-embedWrapper .ml-form-embedBody .ml-form-horizontalRow input{background-color:#fff;color:#333;border-color:#ccc;border-radius:4px;border-style:solid;border-width:1px;font-family:Montserrat,sans-serif;font-size:14px;line-height:20px;margin-bottom:0;margin-top:0;padding:20px 10px;width:100%;box-sizing:border-box;overflow-y:initial}#mlb2-3689023.ml-form-embedContainer .ml-form-embedWrapper .ml-form-embedBody .ml-form-horizontalRow button{background-color:#d19e3c!important;border-color:#d19e3c;border-style:solid;border-width:1px;border-radius:4px;box-shadow:none;color:#fff!important;cursor:pointer;font-family:Montserrat,sans-serif;font-size:14px!important;font-weight:700;line-height:20px;margin:0!important;padding:10px!important;width:100%;height:auto}#mlb2-3689023.ml-form-embedContainer .ml-form-embedWrapper .ml-form-embedBody .ml-form-horizontalRow button:hover{background-color:#ab7d26!important;border-color:#ab7d26!important}#mlb2-3689023.ml-form-embedContainer .ml-form-embedWrapper .ml-form-embedBody .ml-form-checkboxRow input[type=checkbox]{box-sizing:border-box;padding:0;position:absolute;z-index:-1;opacity:0;margin-top:5px;margin-left:-24px;overflow:visible}#mlb2-3689023.ml-form-embedContainer .ml-form-embedWrapper .ml-form-embedBody .ml-form-checkboxRow .label-description{color:#000;display:block;font-family:'Open Sans',Arial,Helvetica,sans-serif;font-size:12px;text-align:left;margin-bottom:0;position:relative;vertical-align:top}#mlb2-3689023.ml-form-embedContainer .ml-form-embedWrapper .ml-form-embedBody .ml-form-checkboxRow label{font-weight:400;margin:0;padding:0;position:relative;display:block;min-height:24px;padding-left:24px}#mlb2-3689023.ml-form-embedContainer .ml-form-embedWrapper .ml-form-embedBody .ml-form-checkboxRow label a{color:#000;text-decoration:underline}#mlb2-3689023.ml-form-embedContainer .ml-form-embedWrapper .ml-form-embedBody .ml-form-checkboxRow label p{color:#000!important;font-family:'Open Sans',Arial,Helvetica,sans-serif!important;font-size:12px!important;font-weight:400!important;line-height:18px!important;padding:0!important;margin:0 5px 0 0!important}#mlb2-3689023.ml-form-embedContainer .ml-form-embedWrapper .ml-form-embedBody .ml-form-checkboxRow label p:last-child{margin:0}#mlb2-3689023.ml-form-embedContainer .ml-form-embedWrapper .ml-form-embedBody .ml-form-embedSubmit{margin:0 0 20px 0;float:left;width:100%}#mlb2-3689023.ml-form-embedContainer .ml-form-embedWrapper .ml-form-embedBody .ml-form-embedSubmit button{background-color:#d19e3c!important;border:none!important;border-radius:4px!important;box-shadow:none!important;color:#fff!important;cursor:pointer;font-family:Montserrat,sans-serif!important;font-size:14px!important;font-weight:700!important;line-height:21px!important;height:auto;padding:10px!important;width:100%!important;box-sizing:border-box!important}#mlb2-3689023.ml-form-embedContainer .ml-form-embedWrapper .ml-form-embedBody .ml-form-embedSubmit button.loading{display:none}#mlb2-3689023.ml-form-embedContainer .ml-form-embedWrapper .ml-form-embedBody .ml-form-embedSubmit button:hover{background-color:#ab7d26!important}.ml-subscribe-close{width:30px;height:30px;background:url(https://cdn.mailerlite.com/images/default/modal_close.png) no-repeat;background-size:30px;cursor:pointer;margin-top:-10px;margin-right:-10px;position:absolute;top:0;right:0}.ml-error input{border-color:red!important}.ml-error .label-description,.ml-error .label-description p,.ml-error .label-description p a,.ml-error label:first-child{color:red!important}#mlb2-3689023.ml-form-embedContainer .ml-form-embedWrapper .ml-form-embedBody .ml-form-checkboxRow.ml-error .label-description p,#mlb2-3689023.ml-form-embedContainer .ml-form-embedWrapper .ml-form-embedBody .ml-form-checkboxRow.ml-error .label-description p:first-letter{color:red!important}@media only screen and (max-width:400px){.ml-form-embedWrapper.embedDefault,.ml-form-embedWrapper.embedPopup{width:100%!important}.ml-form-formContent.horozintalForm{float:left!important}.ml-form-formContent.horozintalForm .ml-form-horizontalRow{height:auto!important;width:100%!important;float:left!important}.ml-form-formContent.horozintalForm .ml-form-horizontalRow .ml-input-horizontal{width:100%!important}.ml-form-formContent.horozintalForm .ml-form-horizontalRow .ml-input-horizontal>div{padding-right:0!important;padding-bottom:10px}.ml-form-formContent.horozintalForm .ml-button-horizontal{width:100%!important}.ml-form-formContent.horozintalForm .ml-button-horizontal.labelsOn{padding-top:0!important}}\n</style>\n<style type=\"text/css\">\n  .ml-mobileButton-horizontal{display:none}#mlb2-3689023 .ml-mobileButton-horizontal button{background-color:#d19e3c!important;border-color:#d19e3c!important;border-style:solid!important;border-width:1px!important;border-radius:4px!important;box-shadow:none!important;color:#fff!important;cursor:pointer;font-family:Montserrat,sans-serif!important;font-size:14px!important;font-weight:700!important;line-height:20px!important;padding:10px!important;width:100%!important}@media only screen and (max-width:400px){#mlb2-3689023.ml-form-embedContainer .ml-form-embedWrapper .ml-form-embedBody .ml-form-formContent.horozintalForm{padding:0 0 10px 0!important}.ml-hide-horizontal{display:none!important}.ml-form-formContent.horozintalForm .ml-button-horizontal{display:none!important}.ml-mobileButton-horizontal{display:block!important;margin-bottom:20px}.ml-form-formContent.horozintalForm .ml-form-horizontalRow .ml-input-horizontal>div{padding-bottom:0!important}}\n</style>\n<style type=\"text/css\">\n  @media only screen and (max-width:400px){.ml-form-formContent.horozintalForm .ml-form-horizontalRow .horizontal-fields{margin-bottom:10px!important;width:100%!important}}\n</style>\n<div id=\"mlb2-3689023\" class=\"ml-form-embedContainer ml-subscribe-form ml-subscribe-form-3689023\">\n  <div class=\"ml-form-align-center\">\n    <div class=\"ml-form-embedWrapper embedForm\">\n      <div class=\"ml-form-embedBody ml-form-embedBodyHorizontal row-form\">\n        <div class=\"ml-form-embedContent\" style=\"\">\n          <h4>Cadastre-se para receber dicas e ofertas exclusivas!</h4>\n          <p><br></p>\n        </div>\n        <form class=\"ml-block-form\" action=\"https://static.mailerlite.com/webforms/submit/d7i8t7\" data-code=\"d7i8t7\" method=\"post\" target=\"_blank\">\n          <div class=\"ml-form-formContent horozintalForm\">\n            <div class=\"ml-form-horizontalRow\">\n              <div class=\"ml-input-horizontal\">\n                <div style=\"width:50%\" class=\"horizontal-fields\">\n                  <div class=\"ml-field-group ml-field-name\">\n                    <input type=\"text\" class=\"form-control\" data-inputmask=\"\" name=\"fields[name]\" placeholder=\"Nome\" autocomplete=\"name\">\n                  </div>\n                </div>\n                <div style=\"width:50%\" class=\"horizontal-fields\">\n                  <div class=\"ml-field-group ml-field-email ml-validate-email ml-validate-required\">\n                    <input type=\"email\" class=\"form-control\" data-inputmask=\"\" name=\"fields[email]\" placeholder=\"E-mail\" autocomplete=\"email\">\n                  </div>\n                </div>\n              </div>\n              <div class=\"ml-button-horizontal primary\">\n                <button type=\"submit\" class=\"primary\">Eu quero!</button>\n                <button disabled=\"disabled\" style=\"display:none\" type=\"button\" class=\"loading\"> <div class=\"ml-form-embedSubmitLoad\"></div> <span class=\"sr-only\">Loading...</span> </button>\n              </div>\n            </div>\n          </div>\n          <input type=\"hidden\" name=\"ml-submit\" value=\"1\">\n          <div class=\"ml-mobileButton-horizontal\">\n            <button type=\"submit\" class=\"primary\">Eu quero!</button>\n            <button disabled=\"disabled\" style=\"display:none\" type=\"button\" class=\"loading\"> <div class=\"ml-form-embedSubmitLoad\"></div> <span class=\"sr-only\">Loading...</span> </button>\n          </div>\n          <input type=\"hidden\" name=\"anticsrf\" value=\"true\">\n        </form>\n      </div>\n      <div class=\"ml-form-successBody row-success\" style=\"display:none\">\n        <div class=\"ml-form-successContent\">\n          <h4>Thank you!</h4>\n          <p>You have successfully joined our subscriber list.</p>\n        </div>\n      </div>\n    </div>\n  </div>\n</div>\n<script>\n  function ml_webform_success_3689023(){var r=ml_jQuery||jQuery;r(\".ml-subscribe-form-3689023 .row-success\").show(),r(\".ml-subscribe-form-3689023 .row-form\").hide()}\n</script>\n<img src=\"https://track.mailerlite.com/webforms/o/3689023/d7i8t7?v1615432868\" width=\"1\" height=\"1\" style=\"max-width:1px;max-height:1px;visibility:hidden;padding:0;margin:0;display:block\" alt=\".\" border=\"0\">\n<script src=\"https://static.mailerlite.com/js/w/webforms.min.js?v42b571e293fbe042bc115150134382c9\" type=\"text/javascript\"></script>"
    }
  ]
}