{
  "title": "Nossas Lojas",
  "meta_title": "Nossas Lojas",
  "meta_description": "Nossas Lojas",
  "body": "### Entre em contato com a Macela Dourada mais próxima de você!\n\n**Macela Dourada Rua Góes Calmon**\\\nVitória da Conquista-BA\\\nRua Góes Calmon, 289 - Centro\\\n**Fone: (77) 3423-8646**\\\n**WhatsApp: (77) 9.9943-0418**\\\nFarmacêutica Responsável: Maísa Canesin\\\nCRF-BA: 2528\\\n[(clique para enviar uma mensagem)](https://api.whatsapp.com/send?phone=5577999430418&text=%2aHor%c3%a1rio%20Comercial%20da%20Macela%3a%2a%20Seg%20a%20sex%20das%208h%20%c3%a0s%2018h%20%7c%20S%c3%a1b%20das%208h%20%c3%a0s%2012h&source=&data=&app_absent=)\n\n**Macela Dourada Av. Otávio Santos**\\\nVitória da Conquista-BA\\\nAv. Otávio Santos, 244 - Recreio\\\n**Fone: (77) 3423-8640**\\\n**WhatsApp: (77) 9.9943-0416**\\\nFarmacêutica Responsável: Laís Alana Ribas Dacttes\\\nCRF-BA: 6918[](https://api.whatsapp.com/send?phone=5577999430416)\\\n[(clique para enviar uma mensagem)](https://api.whatsapp.com/send?phone=5577999430416)\n\n**Macela Dourada Itapetinga**\\\nItapetinga-BA\\\nPraça Dairy Walley, 81 - Centro\\\n**Fone: (77) 3261-3222**\\\n**WhatsApp: (77) 9.9943-0116**\\\nFarmacêutica Responsável: Francielli Trancoso Freire \\\nCRF-BA: 4343\\\n[(clique para enviar uma mensagem)](https://api.whatsapp.com/send?phone=557799430116)\n\n**Macela Dourada Jequié**\\\nJequié-BA\\\nAv. Rio Branco, 763 - Centro\\\n**Fone: (73) 3526-9555**\\\n**WhatsApp: (73) 9.9167-4549**\\\nFarmacêutica Responsável: Maria da Luz Barreto\\\nCRF-BA: 8954\\\n[(clique para enviar uma mensagem)](https://api.whatsapp.com/send?phone=557391674549)\n\n**Macela Dourada Ipiaú**\\\nIpiaú-BA\\\nRua Floriano Peixoto, 121 - Centro\\\n**Fone: (73) 3531-3171**\\\n**WhatsApp: (73) 9.9101-9201**\\\nFarmacêutica Responsável:  Ionara Vieira Rocha da Mota\\\nCRF-BA: 11822\\\n[(clique para enviar uma mensagem)](https://api.whatsapp.com/send?phone=557391019201)\n\n**Macela Dourada Jaguaquara**\\\nJaguaquara-BA\\\nRua Avelar, 75A - Centro\\\n**Fone: (73) 3534-1599**\\\n**WhatsApp: (73) 9.8856-1814**\\\nFarmacêutica Responsável: Danielba Almeida da Silva\\\nCRF-BA: 10416\\\n[(clique para enviar uma mensagem)](https://api.whatsapp.com/send?phone=557388561814)",
  "sections": [
    {
      "type": "page-title",
      "title": "Nossas Lojas",
      "description": "Entre em contato com a Macela Dourada mais próxima de você!"
    }
  ]
}