{
  "title": "Condições de entrega",
  "meta_title": "Condições de entrega",
  "meta_description": "Condições de entrega",
  "body": "**Prazo de entrega:**\n\nEm virtude do recente surto do Coronavírus, alguns pedidos podem sofrer atrasos pontuais.\n\nO processo para o produto chegar até você depende de terceiros como, fornecedores e transportadoras que estão sentindo os impactos do COVID-19.\n\nSe houver paralisação efetiva das atividades por parte dos fabricantes e transportadoras, ou até mesmo por nossa parte, comunicaremos em nossas redes sociais e diretamente para nossos clientes via e-mail.\n\nEstamos trabalhando para que seu pedido chegue o mais rápido possível até você. Agradecemos pela sua compreensão nesse momento delicado.\n\n**Rastreamento**\n\nVocê pode rastrear seu pedido a qualquer momento depois da confirmação de envio. Consulte o andamento da entrega na transportadora,\n\n**Atenção!**\nAlguns pedidos podem ser enviados via Transportadoras que não possuem código de rastreio. Sendo assim, caso necessite verificar mais informações, entre em contato com a nossa equipe.\n\n**Entrega**\nO prazo é calculado de acordo com o CEP fornecido e encontra-se na finalização do seu pedido, logo abaixo do endereço de entrega.\n\n**\\*O prazo de entrega pode variar em função da faixa de CEP.**\nA data do pedido não conta para o cálculo do prazo de entrega, e sim a data da confirmação do pagamento.\nOs prazos para confirmação de pagamento são: cartão em até 02 (dois) dias úteis, boleto bancário e transferência online em até 02 (dois) dias úteis.\n\n**Esta contagem de confirmação se dará após a data de pedido.**\nAs datas de entrega são uma estimativa, e podem haver atrasos devido à fatores externos tais como chuvas em excesso, áreas de risco extremo, zonas rurais, entre outros.\n\nSerão realizadas até 3 tentativas de entregas, e caso nenhuma delas tenha sucesso a sua encomenda poderá ficar aguardando retirada em uma agência perto de você.\n\nSe não tivermos estoque disponível para entrega do produto, você será comunicado por telefone pelo nosso pessoal de atendimento ao Cliente.\n\nEm caso de retorno da encomenda ao remetente, por não preenchimento do endereço e/ou informações insuficientes, o reenvio será por conta do destinatário de forma integral.",
  "sections": [
    {
      "type": "page-title",
      "title": "Condições de entrega",
      "description": "Veja nossas condições de entrega do seu pedido."
    }
  ]
}