{
  "title": "Formas de pagamento",
  "meta_title": "Formas de pagamento",
  "meta_description": "Formas de pagamento",
  "body": "Aqui você pode efetuar o pagamento através do cartão de crédito e também via Boleto bancário:\n\n**Cartão de Crédito**\nO pagamento é processado pelo PagSeguro. Pagamentos realizados em 3 parcelas não contém juros.\nA partir da terceira parcela será cobrado juros no parcelamento;\n\n**Boleto Bancário**\nO boleto deve ser pago até a data de vencimento. O envio do pedido é liberado depois da aprovação do pagamento. Não enviamos boleto via Correios;",
  "sections": [
    {
      "type": "page-title",
      "title": "Formas de pagamento",
      "description": "Formas de pagamento"
    }
  ]
}