{
  "title": "Trocas e devoluções",
  "meta_title": "Trocas e devoluções",
  "meta_description": "Trocas e devoluções",
  "body": "Para garantir sua satisfação, a Macela Dourada Farmácia de Manipulação criou uma Política de Trocas e Devoluções com base no Código de Defesa do Consumidor, que esclarecemos abaixo. Toda e qualquer dúvida, envie-nos um e-mail: vdc@maceladourada.com.br\n\n**1 -** Nos termos da Política de Devolução da Macela Dourada Farmácia de Manipulação, as devoluções por desistência da compra ou troca de produtos serão aceitas caso o item escolhido na loja virtual da Macela Dourada não tenha agradado, ou o produto enviado não corresponda ao solicitado (erro operacional), desde que o bem não tenha sido utilizado ou danificado e que se apresente nas mesmas condições em que foi recebido/comprado (na embalagem original, sem indícios de uso, com o lacre original). O cliente deverá examinar o produto imediatamente após a entrega e conferi-lo, para aceitá-lo ou entrar com o requerimento para a devolução. Neste caso, o desejo de cancelamento deve ser prontamente comunicado à nossa Central de Relacionamento pelo e-mail **vdc@maceladourada.com.br.**\n\nCaso não sejam respeitadas as condições da Política de Devolução da Macela Dourada ou a legislação aplicável, os custos de devolução do produto correrão por conta do cliente.\n\n**2- Verifique abaixo as condições para desistência da compra/ troca do produto:**\n\n2.1 Solicitação feita em até sete dias corridos após o recebimento do produto, conforme artigo 49 do Código de Defesa do Consumidor (uma vez transcorrido este prazo, o produto será considerado aceito pelo cliente);\n\n2.2 Não haver violação da embalagem e/ou do lacre, ou qualquer indício de uso do produto.\n\nInstruções para devolução por desistência da compra/ troca do produto\n\nEsse procedimento é somente realizado após contato com nossa Central de Relacionamento via e-mail  **vdc@maceladourada.com.br** e atende aos clientes de todo o território nacional. O produto deverá ser remetido por Encomenda PAC ou Sedex, com Aviso de Recebimento para o endereço a ser indicado na ocasião do contato com a empresa.\n\nDiante do não cumprimento das condições estabelecidas, a Macela Dourada não aceitará a devolução do produto.\n\nCaso você faça a solicitação de cancelamento após ter excedido o prazo limite para esta operação, seu pedido não poderá ser aceito.\n\n**3- Restituição do valor pago em casos de desistência de compra:**\n\nSe houver desistência da compra e a mercadoria for devolvida adequadamente, a restituição do valor do produto é feita na mesma forma de pagamento escolhida pelo cliente.\n\nPara as formas de pagamento via Cartão de Crédito, será solicitada a operador do cartão o estorno de pagamento. O prazo poderá variar conforme a data de fechamento da fatura do cartão de crédito.\n\nPara as demais formas de pagamento, Transferência de Valores, boleto bancário ou Depósito em Conta, o crédito em conta corrente será realizado em até 05 dias úteis.\n\n**ATENÇÃO:** A restituição dos valores será processada somente após o recebimento e análise das condições do(s) produto(s) pela empresa. O produto não poderá ter qualquer indício de uso. Se houver indício de uso, a devolução não será aceita e o produto será encaminhado novamente ao endereço do remetente. Nessas condições, a Macela Dourada se reservará o direito de fazer nova cobrança de frete.\n\nEm nenhum dos casos elencados acima haverá restituição do valor do frete.\n\n**NOTA:** Toda intenção de cancelamento deverá obrigatoriamente ser comunicada a Macela Dourada antes do envio do(s) produto(s), para obtenção do código de troca correspondente. Caso contrário, os pedidos não serão aceitos.\n\n**3.1 A restituição de valores por iniciativa da Macela Dourada ocorrerá nas seguintes situações:**\n\n3.1.1 Impossibilidade de entrega da mercadoria adquirida, tendo em vista erro de processamento interno, expedição incorreta ou falha na entrega ocasionada pelo transportador. Na impossibilidade da entrega por essa razão, o produto retornará para a nossa Central de Distribuição, gerando devolução, por parte da Macela Dourada, dos valores correspondentes aos preços dos produtos, excluindo-se os custos com frete.\n\n3.1.2 Caso ocorra a falta da mercadoria adquirida pelo comprador no site da Macela Dourada, em função de ocorrência de vendas do produto, haverá a devolução dos valores pagos ao comprador, pelo mesmo meio de pagamento utilizado na compra. Nessas situações, o comprador será comunicado do ocorrido.",
  "sections": [
    {
      "type": "page-title",
      "title": "Trocas e devoluções",
      "description": "Política de trocas e devoluções"
    }
  ]
}