{
  "assetsByChunkName": {
    "vendors~app-account~app-confirmation~app-order": [
      "chunk.056d895ca87a98f87178.js",
      "chunk.056d895ca87a98f87178.js.map"
    ],
    "vendors~app-account~app-checkout": [
      "chunk.85c5e7bee8db4e2daf46.js",
      "chunk.85c5e7bee8db4e2daf46.js.map"
    ],
    "vendors~app-cart~app-checkout": [
      "chunk.2ce2fee10e62a06082df.js",
      "chunk.2ce2fee10e62a06082df.js.map"
    ],
    "admin": [
      "admin.2bb92eb3e1135d4cfe6b.js",
      "admin.2bb92eb3e1135d4cfe6b.js.map"
    ],
    "app-account": [
      "chunk.42e01bf03d858a0e4ae5.js",
      "chunk.42e01bf03d858a0e4ae5.js.map"
    ],
    "app-cart": [
      "chunk.485eb956458315210fe3.js",
      "chunk.485eb956458315210fe3.js.map"
    ],
    "app-checkout": [
      "chunk.426df1c5219a415d4c20.js",
      "chunk.426df1c5219a415d4c20.js.map"
    ],
    "app-confirmation": [
      "chunk.68b9b38fc7b0fb9af40f.js",
      "chunk.68b9b38fc7b0fb9af40f.js.map"
    ],
    "app-order": [
      "chunk.740d67d097e2fdb4d1d6.js",
      "chunk.740d67d097e2fdb4d1d6.js.map"
    ],
    "checkout": [
      "checkout.4d0f628651b65e7e02ca.js",
      "checkout.4d0f628651b65e7e02ca.js.map"
    ],
    "storefront": [
      "storefront.be7e35539e572dbe8170.css",
      "storefront.53fd21bbccbd4297a3ef.js",
      "storefront.be7e35539e572dbe8170.css.map",
      "storefront.53fd21bbccbd4297a3ef.js.map"
    ]
  }
}